id,AddressCodeID,HouseNumber,StreetDorm,City,AddressNote,address,latitude,longitude
1,2201,236,12th St.,Ann Arbor,,236 12th St.,,
2,22,1014,13th S.,Ann Arbor,,1014 13th S.,,
3,24,113,14th St.,Ann Arbor,,113 14th St.,,
4,1.1,NA,Alice Lloyd - Angell,Ann Arbor,dorm,Alice Lloyd - Angell,,
5,1.2,NA,Alice Lloyd - Hinsdale,Ann Arbor,dorm,Alice Lloyd - Hinsdale,,
6,1.3,NA,Alice Lloyd -Palmer,Ann Arbor,dorm,Alice Lloyd -Palmer,,
7,38,113,Allen Drive,Ann Arbor,,113 Allen Drive,,
8,44,114,Ann St.,Ann Arbor,,114 Ann St.,,
9,47,2759,Antietam Ct.,Ann Arbor,,2759 Antietam Ct.,,
10,49,720,Arbor St.,Ann Arbor,,720 Arbor St.,,
11,50,1824,Arbordale St.,Ann Arbor,,1824 Arbordale St.,,
12,51,711,Arch St.,Ann Arbor,,711 Arch St.,,
13,53,605,Argo Drive,Ann Arbor,,605 Argo Drive,,
14,54,707,Argo Drive,Ann Arbor,,707 Argo Drive,,
15,55,608,Armstrong Ct.,Ann Arbor,,608 Armstrong Ct.,,
16,56,2372,Arrowwood Trail,Ann Arbor,,2372 Arrowwood Trail,,
17,57,2617,Arrowwood Trail,Ann Arbor,,2617 Arrowwood Trail,,
18,58,2648,Arrowwood Trail,Ann Arbor,,2648 Arrowwood Trail,,
19,59,2785,Arrowwood Trail,Ann Arbor,,2785 Arrowwood Trail,,
20,60,2817,Arrowwood Trail,Ann Arbor,,2817 Arrowwood Trail,,
21,62,551,Ashley St.,Ann Arbor,,551 Ashley St.,,
22,64,623,Ashley St.,Ann Arbor,,623 Ashley St.,,
23,4,NA,Baits,Ann Arbor,dorm,Baits,,
24,3.1,NA,Baits I - Eaton,Ann Arbor,dorm,Baits I - Eaton,,
25,3.2,NA,Baits I - Lee,Ann Arbor,dorm,Baits I - Lee,,
26,3.3,NA,Baits I - Parker,Ann Arbor,dorm,Baits I - Parker,,
27,3.4,NA,Baits I - Smith,Ann Arbor,dorm,Baits I - Smith,,
28,3.5,NA,Baits I - Stanley,Ann Arbor,dorm,Baits I - Stanley,,
29,2,NA,Baits II,Ann Arbor,dorm,Baits II,,
30,2.1,NA,Baits II - Coman,Ann Arbor,dorm,Baits II - Coman,,
31,2.2,NA,Baits II - Conger,Ann Arbor,dorm,Baits II - Conger,,
32,2.3,NA,Baits II - Cross,Ann Arbor,dorm,Baits II - Cross,,
33,2.4,NA,Baits II - Thieme,Ann Arbor,dorm,Baits II - Thieme,,
34,2.5,NA,Baits II - Ziwet,Ann Arbor,dorm,Baits II - Ziwet,,
35,66,1217,Baldwin Ave.,Ann Arbor,,1217 Baldwin Ave.,,
36,67,902,Baldwin Ave.,Ann Arbor,,902 Baldwin Ave.,,
37,68,924,Baldwin Ave.,Ann Arbor,,924 Baldwin Ave.,,
38,69,2288,Bardyke Ct.,Ann Arbor,,2288 Bardyke Ct.,,
39,71,1071,Barton Drive,Ann Arbor,,1071 Barton Drive,,
40,72,1081,Barton Drive,Ann Arbor,,1081 Barton Drive,,
41,73,3023,Bayles Dr.,Ann Arbor,,3023 Bayles Dr.,,
42,80,343,Beakes St.,Ann Arbor,,343 Beakes St.,,
43,81,351,Beakes St.,Ann Arbor,,351 Beakes St.,,
44,82,1315,Beal Ave.,Ann Arbor,,1315 Beal Ave.,,
45,83,1587,Beal Ave.,Ann Arbor,,1587 Beal Ave.,,
46,84,1647,Beal Ave.,Ann Arbor,,1647 Beal Ave.,,
47,85,1825,Beal Ave.,Ann Arbor,,1825 Beal Ave.,,
48,90,525,Benjamin St.,Ann Arbor,,525 Benjamin St.,,
49,91,402,Benjamin St.,Ann Arbor,,402 Benjamin St.,,
50,93,12,Best Hall,Ann Arbor,,12 Best Hall,,
51,5,NA,Betsy Barbour,Ann Arbor,dorm,Betsy Barbour,,
52,96,NA,Biological Station,Ann Arbor,,Biological Station,,
53,97,2982,Birch Hollow,Ann Arbor,,2982 Birch Hollow,,
54,128,4020,Birch Hollow,Ann Arbor,,4020 Birch Hollow,,
55,98,2323,Bishop St.,Ann Arbor,,2323 Bishop St.,,
56,99,2361,Bishop St.,Ann Arbor,,2361 Bishop St.,,
57,100,2385,Bishop St.,Ann Arbor,,2385 Bishop St.,,
58,102,2403,Bishop St.,Ann Arbor,,2403 Bishop St.,,
59,103,2414,Bishop St.,Ann Arbor,,2414 Bishop St.,,
60,147,2394,Bishop St.,Ann Arbor,,2394 Bishop St.,,
61,104,422,Blakely Court,Ann Arbor,,422 Blakely Court,,
62,105,3157,Bluett Road,Ann Arbor,,3157 Bluett Road,,
63,107,2797,Braeburn Circle,Ann Arbor,,2797 Braeburn Circle,,
64,108,2885,Braeburn Circle,Ann Arbor,,2885 Braeburn Circle,,
65,109,3082,Braeburn Circle,Ann Arbor,,3082 Braeburn Circle,,
66,110,3151,Braeburn Circle,Ann Arbor,,3151 Braeburn Circle,,
67,111,3245,Braeburn Circle,Ann Arbor,,3245 Braeburn Circle,,
68,2161,2513,Braeburn Circle,Ann Arbor,,2513 Braeburn Circle,,
69,113,1743,Broadside St.,Ann Arbor,,1743 Broadside St.,,
70,148,1203,Brooklyn Ave.,Ann Arbor,,1203 Brooklyn Ave.,,
71,116,745,Brooks St.,Ann Arbor,,745 Brooks St.,,
72,117,448,Brookside Dr. ,Ann Arbor,,448 Brookside Dr. ,,
73,118,818,Brown St.,Ann Arbor,,818 Brown St.,,
74,119,819,Brown St.,Ann Arbor,,819 Brown St.,,
75,120,823,Brown St.,Ann Arbor,,823 Brown St.,,
76,121,824,Brown St.,Ann Arbor,,824 Brown St.,,
77,122,829,Brown St.,Ann Arbor,,829 Brown St.,,
78,123,834,Brown St.,Ann Arbor,,834 Brown St.,,
79,126,818,Browns St.,Ann Arbor,,818 Browns St.,,
80,127,2939,Buena Vista Ave.,Ann Arbor,,2939 Buena Vista Ave.,,
81,7.1,NA,Bursley - Bartlett,Ann Arbor,dorm,Bursley - Bartlett,,
82,7.2,NA,Bursley - Douglas,Ann Arbor,dorm,Bursley - Douglas,,
83,7.8,NA,Bursley - Hamilton,Ann Arbor,dorm,Bursley - Hamilton,,
84,7.3,NA,Bursley - Lewis,Ann Arbor,dorm,Bursley - Lewis,,
85,7.4,NA,Bursley - Rotvig,Ann Arbor,,Bursley - Rotvig,,
86,7.5,NA,Bursley - Sanford,Ann Arbor,dorm,Bursley - Sanford,,
87,7.6,NA,Bursley - Van Duren,Ann Arbor,dorm,Bursley - Van Duren,,
88,7.7,NA,Bursley - VanHoosen,Ann Arbor,dorm,Bursley - VanHoosen,,
89,132,1113,Bvdding Rd.,Ann Arbor,,1113 Bvdding Rd.,,
90,133,1117,Bydding Rd.,Ann Arbor,,1117 Bydding Rd.,,
91,134,1125,Bydding Rd.,Ann Arbor,,1125 Bydding Rd.,,
92,139,1415,Cambridge Rd.,Ann Arbor,,1415 Cambridge Rd.,,
93,137,1722,Cambridge St.,Ann Arbor,,1722 Cambridge St.,,
94,1026,NA,Catherine and Glen,Ann Arbor,,Catherine and Glen,,
95,151,1013,Catherine St.,Ann Arbor,,1013 Catherine St.,,
96,156,1028,Catherine St.,Ann Arbor,,1028 Catherine St.,,
97,157,1065,Catherine St.,Ann Arbor,,1065 Catherine St.,,
98,158,1109,Catherine St.,Ann Arbor,,1109 Catherine St.,,
99,163,602,Catherine St.,Ann Arbor,,602 Catherine St.,,
100,165,809,Catherine St.,Ann Arbor,,809 Catherine St.,,
101,166,918,Catherine St.,Ann Arbor,,918 Catherine St.,,
102,508,517,Catherine St.,Ann Arbor,,517 Catherine St.,,
103,1027,1024,Catherine St.,Ann Arbor,,1024 Catherine St.,,
104,1029,1110,Catherine St.,Ann Arbor,,1110 Catherine St.,,
105,1030,1809,Catherine St.,Ann Arbor,,1809 Catherine St.,,
106,2126,335,Catherine St.,Ann Arbor,,335 Catherine St.,,
107,2179,315,Catherine St.,Ann Arbor,,315 Catherine St.,,
108,1031,1302,Cedar Bend,Ann Arbor,,1302 Cedar Bend,,
109,1033,203,Charles St.,Ann Arbor,,203 Charles St.,,
110,1034,510,Cheever Ct.,Ann Arbor,,510 Cheever Ct.,,
111,1036,309,Cherry St.,Ann Arbor,,309 Cherry St.,,
112,1037,3147,Cherrytree Lane,Ann Arbor,,3147 Cherrytree Lane,,
113,546,925,Church St.,Ann Arbor,,925 Church St.,,
114,553,1019,Church St.,Ann Arbor,,1019 Church St.,,
115,554,1127,Church St.,Ann Arbor,,1127 Church St.,,
116,555,511,Church St.,Ann Arbor,,511 Church St.,,
117,556,543,Church St.,Ann Arbor,,543 Church St.,,
118,1041,1014,Church St.,Ann Arbor,,1014 Church St.,,
119,1042,1121,Church St.,Ann Arbor,,1121 Church St.,,
120,1043,1511,Church St.,Ann Arbor,,1511 Church St.,,
121,1045,527,Church St.,Ann Arbor,,527 Church St.,,
122,1046,616,Church St.,Ann Arbor,,616 Church St.,,
123,1047,619,Church St.,Ann Arbor,,619 Church St.,,
124,1048,621,Church St.,Ann Arbor,,621 Church St.,,
125,1049,625,Church St.,Ann Arbor,,625 Church St.,,
126,1050,709,Church St.,Ann Arbor,,709 Church St.,,
127,1051,715,Church St.,Ann Arbor,,715 Church St.,,
128,2227,1101,Church St.,Ann Arbor,,1101 Church St.,,
129,557,725,Church St.,Ann Arbor,"Graduate League House, 1946-c.1955, took international and black students",725 Church St.,,
130,552,543,Church St. ,Ann Arbor,,543 Church St. ,,
131,1039,616,Church St. ,Ann Arbor,,616 Church St. ,,
132,1052,1115,Clague St.,Ann Arbor,,1115 Clague St.,,
133,1054,NA,(Clark St.),Ann Arbor,Neuropsychopathic Institute ,(Clark St.),,
134,2110,391,Cloverdale St.,Ann Arbor,,391 Cloverdale St.,,
135,1056,2015,Commerce Drive,Ann Arbor,,2015 Commerce Drive,,
136,1057,2025,Commerce Drive,Ann Arbor,,2025 Commerce Drive,,
137,1058,2045,Commerce Drive,Ann Arbor,,2045 Commerce Drive,,
138,1059,2407,Concord Rd.,Ann Arbor,,2407 Concord Rd.,,
139,1060,NA,corner of 13th and Hickory Sts.,Ann Arbor,,corner of 13th and Hickory Sts.,,
140,1061,NA,Corner of Ann and 13th,Ann Arbor,,Corner of Ann and 13th,,
141,1063,NA,corner of Fourth and Williams,Ann Arbor,,corner of Fourth and Williams,,
142,2207,NA,corner of Hill and Washtenaw,Ann Arbor,,corner of Hill and Washtenaw,,
143,1064,NA,Corner of Ingalls and Monroe,Ann Arbor,,Corner of Ingalls and Monroe,,
144,1065,NA,Corner of St. and Madison,Ann Arbor,,Corner of St. and Madison,,
145,1066,NA,Corner of State and Huron Sts.,Ann Arbor,,Corner of State and Huron Sts.,,
146,1068,1008,Cornwell Place,Ann Arbor,"Phi Rho Sigma House, 1900-1905",1008 Cornwell Place,,
147,559,1630,Cram Circle,Ann Arbor,,1630 Cram Circle,,
148,1071,1097,Cram Circle,Ann Arbor,,1097 Cram Circle,,
149,1072,1639,Cram Circle,Ann Arbor,,1639 Cram Circle,,
150,1073,1666,Cram Circle,Ann Arbor,,1666 Cram Circle,,
151,1074,16977,Cram Circle,Ann Arbor,,1697-7 Cram Circle,,
152,1075,2155,Cram Circle,Ann Arbor,,2155 Cram Circle,,
153,2177,2231,Cram Circle,Ann Arbor,,2231 Cram Circle,,
154,1076,1666,Cram Cirlce,Ann Arbor,,1666 Cram Cirlce,,
155,560,2155,Cram Place,Ann Arbor,,2155 Cram Place,,
156,562,2170,Cram Place,Ann Arbor,,2170 Cram Place,,
157,1077,212,Cram Place,Ann Arbor,,212 Cram Place,,
158,1078,215523,Cram Place,Ann Arbor,,2155-23 Cram Place,,
159,1079,2210,Cram Place,Ann Arbor,,2210 Cram Place,,
160,1080,2249,Cram Place,Ann Arbor,,2249 Cram Place,,
161,1081,2250,Cram Place,Ann Arbor,,2250 Cram Place,,
162,1082,2515,Cram Place,Ann Arbor,,2515 Cram Place,,
163,1083,615,Cressfield Lane,Ann Arbor,,615 Cressfield Lane,,
164,1087,812,Daniels St.,Ann Arbor,,812 Daniels St.,,
165,1088,1629,Darian Ct.,Ann Arbor,,1629 Darian Ct.,,
166,1094,501,Detroit St.,Ann Arbor,,501 Detroit St.,,
167,1096,913,Dewey  St.,Ann Arbor,,913 Dewey  St.,,
168,2069,819,Dewey  St.,Ann Arbor,,819 Dewey  St.,,
169,290,939,Dewey St.,Ann Arbor,,939 Dewey St.,,
170,1097,943,Dewey St.,Ann Arbor,,943 Dewey St.,,
171,1098,945,Dewey St.,Ann Arbor,,945 Dewey St.,,
172,1099,3870,Dexter Rd.,Ann Arbor,,3870 Dexter Rd.,,
173,1100,335,Division St.,Ann Arbor,,335 Division St.,,
174,1101,919,Division St.,Ann Arbor,,919 Division St.,,
175,1102,305,Doty St.,Ann Arbor,,305 Doty St.,,
176,1105,925,Duncan St.,Ann Arbor,,925 Duncan St.,,
177,1107,1009,E. 12th St.,Ann Arbor,,1009 E. 12th St.,,
178,551,1136,E. Ann St.,Ann Arbor,,1136 E. Ann St.,,
179,564,1122,E. Ann St.,Ann Arbor,,1122 E. Ann St.,,
180,568,503,E. Ann St.,Ann Arbor,,503 E. Ann St.,,
181,569,710,E. Ann St.,Ann Arbor,,710 E. Ann St.,,
182,570,811,E. Ann St.,Ann Arbor,,811 E. Ann St.,,
183,1109,1004,E. Ann St.,Ann Arbor,,1004 E. Ann St.,,
184,1110,1015,E. Ann St.,Ann Arbor,,1015 E. Ann St.,,
185,1112,115,E. Ann St.,Ann Arbor,,115 E. Ann St.,,
186,1113,121,E. Ann St.,Ann Arbor,,121 E. Ann St.,,
187,1115,1313,E. Ann St.,Ann Arbor,,1313 E. Ann St.,,
188,1116,311,E. Ann St.,Ann Arbor,,311 E. Ann St.,,
189,1117,330,E. Ann St.,Ann Arbor,,330 E. Ann St.,,
190,1118,501,E. Ann St.,Ann Arbor,,501 E. Ann St.,,
191,1119,507,E. Ann St.,Ann Arbor,,507 E. Ann St.,,
192,1120,815,E. Ann St.,Ann Arbor,,815 E. Ann St.,,
193,1121,820,E. Ann St.,Ann Arbor,,820 E. Ann St.,,
194,1122,85,E. Ann St.,Ann Arbor,,85 E. Ann St.,,
195,2146,606,E. Ann St.,Ann Arbor,,606 E. Ann St.,,
196,1108,808,E. Ann St. ,Ann Arbor,,808 E. Ann St. ,,
197,167,112,E. Davis St.,Ann Arbor,,112 E. Davis St.,,
198,170,217,E. Franklin St.,Ann Arbor,,217 E. Franklin St.,,
199,175,121,E. Hoover St.,Ann Arbor,,121 E. Hoover St.,,
200,176,144,E. Hoover St.,Ann Arbor,,144 E. Hoover St.,,
201,177,146,E. Hoover St.,Ann Arbor,,146 E. Hoover St.,,
202,178,415,E. Hoover St.,Ann Arbor,,415 E. Hoover St.,,
203,179,511,E. Hoover St.,Ann Arbor,,511 E. Hoover St.,,
204,180,605,E. Hoover St.,Ann Arbor,,605 E. Hoover St.,,
205,181,1001,E. Huron St.,Ann Arbor,,1001 E. Huron St.,,
206,183,1003,E. Huron St.,Ann Arbor,,1003 E. Huron St.,,
207,184,1015,E. Huron St.,Ann Arbor,,1015 E. Huron St.,,
208,185,1021,E. Huron St.,Ann Arbor,,1021 E. Huron St.,,
209,186,1030,E. Huron St.,Ann Arbor,,1030 E. Huron St.,,
210,187,1038,E. Huron St.,Ann Arbor,,1038 E. Huron St.,,
211,188,1100,E. Huron St.,Ann Arbor,,1100 E. Huron St.,,
212,189,1102,E. Huron St.,Ann Arbor,,1102 E. Huron St.,,
213,190,1120,E. Huron St.,Ann Arbor,,1120 E. Huron St.,,
214,191,1129,E. Huron St.,Ann Arbor,,1129 E. Huron St.,,
215,192,515,E. Huron St.,Ann Arbor,,515 E. Huron St.,,
216,193,713,E. Huron St.,Ann Arbor,,713 E. Huron St.,,
217,194,805,E. Huron St.,Ann Arbor,,805 E. Huron St.,,
218,195,903,E. Huron St.,Ann Arbor,,903 E. Huron St.,,
219,196,913,E. Huron St.,Ann Arbor,,913 E. Huron St.,,
220,197,917,E. Huron St.,Ann Arbor,,917 E. Huron St.,,
221,1293,93,E. Huron St.,Ann Arbor,,93 E. Huron St.,,
222,2192,1007,E. Huron St.,Ann Arbor,,1007 E. Huron St.,,
223,2193,902,E. Huron St.,Ann Arbor,,902 E. Huron St.,,
224,203,331,E. Jefferson St.,Ann Arbor,,331 E. Jefferson St.,,
225,204,332,E. Jefferson St.,Ann Arbor,,332 E. Jefferson St.,,
226,206,402,E. Jefferson St.,Ann Arbor,,402 E. Jefferson St.,,
227,207,405,E. Jefferson St.,Ann Arbor,,405 E. Jefferson St.,,
228,208,500,E. Jefferson St.,Ann Arbor,,500 E. Jefferson St.,,
229,209,515,E. Jefferson St.,Ann Arbor,,515 E. Jefferson St.,,
230,2100,520,E. Jefferson St.,Ann Arbor,,520 E. Jefferson St.,,
231,2236,325,E. Jefferson St.,Ann Arbor,,325 E. Jefferson St.,,
232,205,338,E. Jefferson St.,Ann Arbor,Osterweil House Cooperative 1946 - Present,338 E. Jefferson St.,,
233,210,711,E. Kingsley St.,Ann Arbor,,711 E. Kingsley St.,,
234,212,215,E. Kingsley St.,Ann Arbor,,215 E. Kingsley St.,,
235,214,721,E. Kingsley St.,Ann Arbor,,721 E. Kingsley St.,,
236,215,409,E. Kingsley St.,Ann Arbor,,409 E. Kingsley St.,,
237,217,426,E. Kingsley St.,Ann Arbor,,426 E. Kingsley St.,,
238,218,803,E. Kingsley St.,Ann Arbor,,803 E. Kingsley St.,,
239,219,708,E. Kingsley St.,Ann Arbor,,708 E. Kingsley St.,,
240,220,809,E. Kingsley St.,Ann Arbor,,809 E. Kingsley St.,,
241,222,813,E. Kingsley St.,Ann Arbor,,813 E. Kingsley St.,,
242,2123,209,E. Kingsley St.,Ann Arbor,,209 E. Kingsley St.,,
243,223,310,E. Liberty St.,Ann Arbor,,310 E. Liberty St.,,
244,224,315,E. Liberty St.,Ann Arbor,,315 E. Liberty St.,,
245,225,326,E. Liberty St.,Ann Arbor,,326 E. Liberty St.,,
246,226,410,E. Liberty St.,Ann Arbor,,410 E. Liberty St.,,
247,227,607,E. Liberty St.,Ann Arbor,,607 E. Liberty St.,,
248,228,808,E. Liberty St.,Ann Arbor,,808 E. Liberty St.,,
249,1391,315,E. Madison,Ann Arbor,,315 E. Madison,,
250,245,316,E. Madison St,Ann Arbor,,316 E. Madison St,,
251,231,315,E. Madison St.,Ann Arbor,,315 E. Madison St.,,
252,232,316,E. Madison St.,Ann Arbor,,316 E. Madison St.,,
253,233,326,E. Madison St.,Ann Arbor,,326 E. Madison St.,,
254,234,332,E. Madison St.,Ann Arbor,,332 E. Madison St.,,
255,235,342,E. Madison St.,Ann Arbor,,342 E. Madison St.,,
256,236,401,E. Madison St.,Ann Arbor,,401 E. Madison St.,,
257,229,316,E. Madison St. ,Ann Arbor,,316 E. Madison St. ,,
258,230,326,E. Madison St. ,Ann Arbor,,326 E. Madison St. ,,
259,249,822,E. Seventh St.,Ann Arbor,,822 E. Seventh St.,,
260,251,110,E. Summit St.,Ann Arbor,,110 E. Summit St.,,
261,252,113,E. Summit St.,Ann Arbor,,113 E. Summit St.,,
262,255,121,E. Summit St.,Ann Arbor,,121 E. Summit St.,,
263,256,310,E. Summit St.,Ann Arbor,,310 E. Summit St.,,
264,2137,127,E. Summit St.,Ann Arbor,,127 E. Summit St.,,
265,258,25,E. University Ave.,Ann Arbor,,#25 E. University Ave.,,
266,259,1011,E. University Ave.,Ann Arbor,,1011 E. University Ave.,,
267,260,1209,E. University Ave.,Ann Arbor,,1209 E. University Ave.,,
268,261,1324,E. University Ave.,Ann Arbor,,1324 E. University Ave.,,
269,263,533,E. University Ave.,Ann Arbor,,533 E. University Ave.,,
270,265,617,E. University Ave.,Ann Arbor,,617 E. University Ave.,,
271,266,702,E. University Ave.,Ann Arbor,,702 E. University Ave.,,
272,267,724,E. University Ave.,Ann Arbor,,724 E. University Ave.,,
273,269,809,E. University Ave.,Ann Arbor,,809 E. University Ave.,,
274,271,815,E. University Ave.,Ann Arbor,,815 E. University Ave.,,
275,272,825,E. University Ave.,Ann Arbor,,825 E. University Ave.,,
276,273,832,E. University Ave.,Ann Arbor,,832 E. University Ave.,,
277,2133,919,E. University Ave.,Ann Arbor,,919 E. University Ave.,,
278,2149,427,E. University Ave.,Ann Arbor,,427 E. University Ave.,,
279,2248,421,E. University Ave.,Ann Arbor,,421 E. University Ave.,,
280,268,733,E. University Ave.,Ann Arbor,'40 stud. direct. 701 Forest '41 stud direct,733 E. University Ave.,,
281,270,814,E. University Ave.,Ann Arbor,Brandeis House Cooperative 1940 - 1942,814 E. University Ave.,,
282,274,909,E. University Ave.,Ann Arbor,Lester House Cooperative 1940 - 1943,909 E. University Ave.,,
283,280,21712,E. Washington St.,Ann Arbor,,217 1/2 E. Washington St.,,
284,281,320,E. Washington St.,Ann Arbor,,320 E. Washington St.,,
285,282,322,E. Washington St.,Ann Arbor,,322 E. Washington St.,,
286,571,418,E. Washington St.,Ann Arbor,,418 E. Washington St.,,
287,572,422,E. Washington St.,Ann Arbor,,422 E. Washington St.,,
288,1124,910,E. Washington St.,Ann Arbor,,910 E. Washington St.,,
289,2198,533,E. Washington St.,Ann Arbor,,533 E. Washington St.,,
290,573,555,E. William St.,Ann Arbor,,555 E. William St.,,
291,1126,1908,E. William St.,Ann Arbor,,1908 E. William St.,,
292,1127,318,E. William St.,Ann Arbor,,318 E. William St.,,
293,1128,430,E. William St.,Ann Arbor,,430 E. William St.,,
294,1130,51312,E. William St.,Ann Arbor,,513 1/2 E. William St.,,
295,1131,538,E. William St.,Ann Arbor,,538 E. William St.,,
296,1132,601,E. William St.,Ann Arbor,,601 E. William St.,,
297,1130.1,518,E. William St.,Ann Arbor,,518 E. William St.,,
298,1125,555,E. William St. ,Ann Arbor,,555 E. William St. ,,
299,2023,420,East Quad - Anderson,Ann Arbor,,420 East Quad - Anderson,,
300,8.1,NA,East Quad - Anderson,Ann Arbor,dorm,East Quad - Anderson,,
301,8.2,NA,East Quad - Cooley,Ann Arbor,dorm,East Quad - Cooley,,
302,8.3,NA,East Quad - Greene,Ann Arbor,dorm,East Quad - Greene,,
303,8.4,NA,East Quad - Hayden,Ann Arbor,dorm,East Quad - Hayden,,
304,8.5,NA,East Quad - Hinsdale,Ann Arbor,dorm,East Quad - Hinsdale,,
305,8.6,NA,East Quad - Prescott,Ann Arbor,dorm,East Quad - Prescott,,
306,8.7,NA,East Quad - Strauss,Ann Arbor,dorm,East Quad - Strauss,,
307,8.8,NA,East Quad - Tyler,Ann Arbor,dorm,East Quad - Tyler,,
308,574,817,Edward St.,Ann Arbor,,817 Edward St.,,
309,1140,120,Eighth St. ,Ann Arbor,,120 Eighth St. ,,
310,575,521,Elizabeth St.,Ann Arbor,,521 Elizabeth St.,,
311,1141,506,Elm St.,Ann Arbor,,506 Elm St.,,
312,1142,524,Elm St.,Ann Arbor,,524 Elm St.,,
313,1149,331,Evergreen Place,Ann Arbor,,331 Evergreen Place,,
314,577,3484,Ewald Circle,Ann Arbor,,3484 Ewald Circle,,
315,1150,1727,Fair St.,Ann Arbor,,1727 Fair St.,,
316,578,704,Felch St.,Ann Arbor,,704 Felch St.,,
317,1152,1052,Ferdon’_ St.,Ann Arbor,,1052 Ferdon’_ St.,,
318,2243,1256,Ferdon Rd.,Ann Arbor,,1256 Ferdon Rd.,,
319,579,1602,Ferndale Place,Ann Arbor,,1602 Ferndale Place,,
320,1153,3205,Fernwood Ave.,Ann Arbor,,3205 Fernwood Ave.,,
321,1154,NA,Fifth Ave. and Hill St.,Ann Arbor,,Fifth Ave. and Hill St.,,
322,550,1332,Forest Court,Ann Arbor,,1332 Forest Court,,
323,1160,1312,Forest Court,Ann Arbor,,1312 Forest Court,,
324,1167,1000,Fountain St.,Ann Arbor,,1000 Fountain St.,,
325,1168,1007,Fountain St.,Ann Arbor,,1007 Fountain St.,,
326,1169,1012,Fountain St.,Ann Arbor,,1012 Fountain St.,,
327,1170,1021,Fountain St.,Ann Arbor,,1021 Fountain St.,,
328,1172,707,Fountain St.,Ann Arbor,,707 Fountain St.,,
329,1173,735,Fountain St.,Ann Arbor,,735 Fountain St.,,
330,2109,1034,Fountain St.,Ann Arbor,,1034 Fountain St.,,
331,1175,720,Fourth St.,Ann Arbor,,720 Fourth St.,,
332,586,2200,Fuller Court,Ann Arbor,,2200 Fuller Court,,
333,587,2232,Fuller Court,Ann Arbor,,2232 Fuller Court,,
334,588,2238,Fuller Court,Ann Arbor,,2238 Fuller Court,,
335,589,1028,Fuller St.,Ann Arbor,,1028 Fuller St.,,
336,684,830,Fuller St.,Ann Arbor,,830 Fuller St.,,
337,696,800,Fuller St.,Ann Arbor,,800 Fuller St.,,
338,1177,1018,Fuller St.,Ann Arbor,,1018 Fuller St.,,
339,1179,616,Fuller St.,Ann Arbor,,616 Fuller St.,,
340,1180,618,Fuller St.,Ann Arbor,,618 Fuller St.,,
341,1181,802,Fuller St.,Ann Arbor,,802 Fuller St.,,
342,1182,810,Fuller St.,Ann Arbor,,810 Fuller St.,,
343,704,1303,Gardner St.,Ann Arbor,,1303 Gardner St.,,
344,1184,1203,Gardner St.,Ann Arbor,,1203 Gardner St.,,
345,629,1341,Geddes Ave.,Ann Arbor,,1341 Geddes Ave.,,
346,650,1336,Geddes Ave.,Ann Arbor,,1336 Geddes Ave.,,
347,681,1345,Geddes Ave.,Ann Arbor,,1345 Geddes Ave.,,
348,703,1506,Geddes Ave.,Ann Arbor,,1506 Geddes Ave.,,
349,713,1412,Geddes Ave.,Ann Arbor,,1412 Geddes Ave.,,
350,785,1700,Geddes Ave.,Ann Arbor,,1700 Geddes Ave.,,
351,786,1912,Geddes Ave.,Ann Arbor,,1912 Geddes Ave.,,
352,1188,1304,Geddes Ave.,Ann Arbor,,1304 Geddes Ave.,,
353,1189,1316,Geddes Ave.,Ann Arbor,,1316 Geddes Ave.,,
354,1190,1331,Geddes Ave.,Ann Arbor,,1331 Geddes Ave.,,
355,1192,1346,Geddes Ave.,Ann Arbor,,1346 Geddes Ave.,,
356,1193,1364,Geddes Ave.,Ann Arbor,,1364 Geddes Ave.,,
357,1195,1704,Geddes Ave.,Ann Arbor,,1704 Geddes Ave.,,
358,1196,1798,Geddes Ave.,Ann Arbor,,1798 Geddes Ave.,,
359,1198,1928,Geddes Ave.,Ann Arbor,,1928 Geddes Ave.,,
360,1200,2670,Geddes Ave.,Ann Arbor,,2670 Geddes Ave.,,
361,1186,1316,Geddes Ave. ,Ann Arbor,,1316 Geddes Ave. ,,
362,1187,1336,Geddes Ave. ,Ann Arbor,,1336 Geddes Ave. ,,
363,2170,1332,Geddes Ave. ,Ann Arbor,,1332 Geddes Ave. ,,
364,1203,1516,Gilbert Court,Ann Arbor,ICC Co-op,1516 Gilbert Court,,
365,1205,216,Glen Ave.,Ann Arbor,,216 Glen Ave.,,
366,1207,219,Glen Ave.,Ann Arbor,,219 Glen Ave.,,
367,1208,310,Glen Ave.,Ann Arbor,,310 Glen Ave.,,
368,1209,511,Glen Ave.,Ann Arbor,,511 Glen Ave.,,
369,2187,421,Glen Ave.,Ann Arbor,,421 Glen Ave.,,
370,2188,431,Glen Ave.,Ann Arbor,,431 Glen Ave.,,
371,1210,2132,Glencoe Hills Drive,Ann Arbor,,2132 Glencoe Hills Drive,,
372,1215,2738,Golfside Rd.,Ann Arbor,,2738 Golfside Rd.,,
373,1217,2769,Golfside Rd.,Ann Arbor,,2769 Golfside Rd.,,
374,1218,1007,Gott St.,Ann Arbor,,1007 Gott St.,,
375,1219,708,Gott St.,Ann Arbor,,708 Gott St.,,
376,1220,734,Gott St.,Ann Arbor,,734 Gott St.,,
377,1221,1126,Granger Ave.,Ann Arbor,,1126 Granger Ave.,,
378,2145,817,Granger Ave.,Ann Arbor,,817  Granger Ave.,,
379,1225,3565,Green Brier,Ann Arbor,,3565 Green Brier,,
380,1222,3548,Green Brier Blvd.,Ann Arbor,,3548 Green Brier Blvd.,,
381,1224,3582,Green Brier Blvd.,Ann Arbor,,3582 Green Brier Blvd.,,
382,2114,3605,Green Brier Blvd.,Ann Arbor,,3605 Green Brier Blvd.,,
383,1226,832,Greene St.,Ann Arbor,,832 Greene St.,,
384,1227,1021,Greene St.,Ann Arbor,,1021 Greene St.,,
385,1228,817,Greene St.,Ann Arbor,,817 Greene St.,,
386,1231,896,Greene St.,Ann Arbor,,896 Greene St.,,
387,1232,928,Greene St.,Ann Arbor,,928 Greene St.,,
388,1234,923,Greenwood  St.,Ann Arbor,,923 Greenwood  St.,,
389,1235,940,Greenwood  St.,Ann Arbor,,940 Greenwood  St.,,
390,1233,916,Greenwood St.,Ann Arbor,,916 Greenwood St.,,
391,1236,2415,Haisley Dr.,Ann Arbor,,2415 Haisley Dr.,,
392,673,422,Hamilton Place,Ann Arbor,,422 Hamilton Place,,
393,1237,406,Hamilton Place,Ann Arbor,,406 Hamilton Place,,
394,1238,408,Hamilton Place,Ann Arbor,,408 Hamilton Place,,
395,1239,417,Hamilton Place,Ann Arbor,,417 Hamilton Place,,
396,1240,419,Hamilton Place,Ann Arbor,,419 Hamilton Place,,
397,1241,425,Hamilton Place,Ann Arbor,,425 Hamilton Place,,
398,1242,426,Hamilton Place,Ann Arbor,,426 Hamilton Place,,
399,668,730,Haven Ave.,Ann Arbor,,730 Haven Ave.,,
400,727,709,Haven Ave.,Ann Arbor,,709 Haven Ave.,,
401,1249,722,Haven Ave.,Ann Arbor,,722 Haven Ave.,,
402,1250,21,Havner Square?,Ann Arbor,,21 Havner Square?,,
403,1254,2548,Hawks Rd.,Ann Arbor,,2548 Hawks Rd.,,
404,1255,5302,Hazel Vandenburg Co-op,Ann Arbor,,5302 Hazel Vandenburg Co-op,,
405,6,NA,Helen Newberry,Ann Arbor,dorm,Helen Newberry,,
406,642,418,High St.,Ann Arbor,,418 High St.,,
407,377,1330,Hill St.,Ann Arbor,,1330 Hill St.,,
408,379,1416,Hill St.,Ann Arbor,,1416 Hill St.,,
409,547,1108,Hill St.,Ann Arbor,,1108 Hill St.,,
410,636,1215,Hill St.,Ann Arbor,,1215 Hill St.,,
411,666,125,Hill St.,Ann Arbor,,125 Hill St.,,
412,690,420,Hill St.,Ann Arbor,,420 Hill St.,,
413,729,506,Hill St.,Ann Arbor,,506 Hill St.,,
414,730,507,Hill St.,Ann Arbor,,507 Hill St.,,
415,1259,1100,Hill St.,Ann Arbor,,1100 Hill St.,,
416,1261,138,Hill St.,Ann Arbor,,138 Hill St.,,
417,1262,1701,Hill St.,Ann Arbor,,1701 Hill St.,,
418,1263,1705,Hill St.,Ann Arbor,,1705 Hill St.,,
419,1264,1910,Hill St.,Ann Arbor,,1910 Hill St.,,
420,1265,2017,Hill St.,Ann Arbor,,2017 Hill St.,,
421,1266,2101,Hill St.,Ann Arbor,,2101 Hill St.,,
422,1267,312,Hill St.,Ann Arbor,,312 Hill St.,,
423,1268,419,Hill St.,Ann Arbor,,419 Hill St.,,
424,1269,505,Hill St.,Ann Arbor,,505 Hill St.,,
425,1270,520,Hill St.,Ann Arbor,,520 Hill St.,,
426,1271,809,Hill St.,Ann Arbor,,809 Hill St.,,
427,598,1702,Hill St.,Ann Arbor,"Kappa Alpha Psi house, 1955-?",1702 Hill St.,,
428,1257,607,Hill St. ,Ann Arbor,,607 Hill St. ,,
429,2030,809,Hill St. ,Ann Arbor,,809 Hill St. ,,
430,1778,1028,Hill St. ,Ann Arbor,Sigma Nu house,1028 Hill St. ,,
431,1275,200,Hinsdale House,Ann Arbor,,200 Hinsdale House,,
432,1276,203,Hinsdale House,Ann Arbor,,203 Hinsdale House,,
433,728,NA,Hinsdale House,Ann Arbor,Check dorm?,Hinsdale House,,
434,1279,715,Hiscock St.,Ann Arbor,,715 Hiscock St.,,
435,1280,605,Hoover  St.,Ann Arbor,,605 Hoover  St.,,
436,1281,115,Hoover St.,Ann Arbor,,115 Hoover St.,,
437,693,2151,Hubbard Rd.,Ann Arbor,,2151 Hubbard Rd.,,
438,715,1440,Hubbard Rd.,Ann Arbor,,1440 Hubbard Rd.,,
439,1289,1220,Hubbard Rd.,Ann Arbor,,1220 Hubbard Rd.,,
440,731,2005,Huron Parkway,Ann Arbor,,2005 Huron Parkway,,
441,1290,2009,Huron Parkway,Ann Arbor,,2009 Huron Parkway,,
442,1291,2025,Huron Parkway,Ann Arbor,,2025 Huron Parkway,,
443,1292,2000,Huron River Drive,Ann Arbor,,2000 Huron River Drive,,
444,2241,415,Huron St.,Ann Arbor,,415 Huron St.,,
445,1295,405,Huron Towers,Ann Arbor,,405A Huron Towers,,
446,2203,426,Ingalls St.,Ann Arbor,,426 Ingalls St.,,
447,718,1094,Island Drive CT.,Ann Arbor,,1094 Island Drive CT.,,
448,2181,1020,Island Drive CT.,Ann Arbor,,1020 Island Drive CT.,,
449,1299,1102,Island Drive CT. ,Ann Arbor,,1102 Island Drive CT. ,,
450,1305,1934,Jackson Ave.,Ann Arbor,,1934 Jackson Ave.,,
451,1306,1936,Jackson Ave.,Ann Arbor,,1936 Jackson Ave.,,
452,1307,2010,Jackson Place,Ann Arbor,,2010 Jackson Place,,
453,1308,2104,Jackson Place,Ann Arbor,,2104 Jackson Place,,
454,1310,1934,Jackson St.,Ann Arbor,,1934 Jackson St.,,
455,1311,12,Jefferson St.,Ann Arbor,,12 Jefferson St.,,
456,1313,317,Jefferson St.,Ann Arbor,,317 Jefferson St.,,
457,1314,520,Jefferson St.,Ann Arbor,,520 Jefferson St.,,
458,719,1474,Jewett St.,Ann Arbor,,1474 Jewett St.,,
459,1317,313,John St.,Ann Arbor,,313 John St.,,
460,1318,333,John St.,Ann Arbor,,333 John St.,,
461,1319,1306,Joliet Place,Ann Arbor,,1306 Joliet Place,,
462,11,NA,Jordan,Ann Arbor,Jordan Hall /  Dorm,Jordan,,
463,1320,7800,Judd Road,Ann Arbor,,7800 Judd Road,,
464,2068,1110,Judson Ct.,Ann Arbor,,1110 Judson Ct.,,
465,1322,607,Kellogg,Ann Arbor,,607 Kellogg,,
466,1323,402,Kellogg,Ann Arbor,,402 Kellogg,,
467,1324,436,Kellogg,Ann Arbor,,436 Kellogg,,
468,1325,560,Kellogg,Ann Arbor,,560 Kellogg,,
469,1326,314,Kelsey,Ann Arbor,,B314 Kelsey,,
470,1329,1424,Kensington,Ann Arbor,,1424 Kensington,,
471,1330,1479,Kensington,Ann Arbor,,1479 Kensington,,
472,1331,1902,Kent St.,Ann Arbor,,1902 Kent St.,,
473,1332,723,Kingsley,Ann Arbor,,723 Kingsley,,
474,1334,808,Kingsley,Ann Arbor,,808 Kingsley,,
475,1333,802,Kingsley St.,Ann Arbor,,802 Kingsley St.,,
476,717,320,Koch St.,Ann Arbor,,320 Koch St.,,
477,1337,112,Koch St.,Ann Arbor,,112 Koch St.,,
478,1338,1366,Kuehnle St.,Ann Arbor,,1366 Kuehnle St.,,
479,1340,1853,Lake Lila Drive,Ann Arbor,,1853 Lake Lila Drive,,
480,1341,1872,Lake Lila Drive,Ann Arbor,,1872 Lake Lila Drive,,
481,1342,1875,Lake Lila Drive,Ann Arbor,,1875 Lake Lila Drive,,
482,1343,1877,Lake Lila Drive,Ann Arbor,,1877 Lake Lila Drive,,
483,2171,1863,Lake Lila Drive,Ann Arbor,,1863 Lake Lila Drive,,
484,1345,NA,Lane Hall,Ann Arbor,,Lane Hall,,
485,692,415,Lawrence St.,Ann Arbor,,415 Lawrence St.,,
486,1347,508,Lawrence St.,Ann Arbor,,508 Lawrence St.,,
487,1349,707,Lawrence St.,Ann Arbor,,707 Lawrence St.,,
488,1350,712,Lawrence St.,Ann Arbor,,712 Lawrence St.,,
489,2173,414,Lawrence St.,Ann Arbor,,414 Lawrence St.,,
490,1348,602,Lawrence St.,Ann Arbor,Vail House Cooperative 1961 - Present,602 Lawrence St.,,
491,2092,1116,Lawyers Club,Ann Arbor,,1116 Lawyers Club,,
492,1353,2421,Ledyard St.,Ann Arbor,,2421 Ledyard St.,,
493,1354,411,Lenawee Drive,Ann Arbor,,411 Lenawee Drive,,
494,1355,608,Leona Dr.,Ann Arbor,,608 Leona Dr.,,
495,734,1020,Lincoln Ave.,Ann Arbor,,1020 Lincoln Ave.,,
496,1358,1011,Lincoln Ave.,Ann Arbor,,1011 Lincoln Ave.,,
497,1360,800,Lincoln Ave.,Ann Arbor,,800 Lincoln Ave.,,
498,1361,914,Lincoln Ave.,Ann Arbor,,914 Lincoln Ave.,,
499,647,526,Linden St.,Ann Arbor,,526 Linden St.,,
500,736,1841,Linden St.,Ann Arbor,,1841 Linden St.,,
501,1363,1205,Linwood Ave.,Ann Arbor,,1205 Linwood Ave.,,
502,708,541,Longshore Drive,Ann Arbor,,541 Longshore Drive,,
503,737,509,Longshore Drive,Ann Arbor,,509 Longshore Drive,,
504,1380,533,Longshore Drive,Ann Arbor,,533 Longshore Drive,,
505,1381,537,Longshore Drive,Ann Arbor,,537 Longshore Drive,,
506,1384,523,Mack Rd,Ann Arbor,,523 Mack Rd,,
507,1386,700,Madison Pl.,Ann Arbor,,700 Madison Pl.,,
508,1388,600,Madison St.,Ann Arbor,,600 Madison St.,,
509,2202,945,Maiden Lane,Ann Arbor,,945 Maiden Lane,,
510,738,1101,Maiden Lane Ct.,Ann Arbor,,1101 Maiden Lane Ct.,,
511,1395,1102,Maiden Lane Ct.,Ann Arbor,,1102 Maiden Lane Ct.,,
512,1396,1105,Maiden Lane Ct.,Ann Arbor,,1105 Maiden Lane Ct.,,
513,1397,1110,Maiden Lane Ct.,Ann Arbor,,1110 Maiden Lane Ct.,,
514,1398,1118,Maiden Lane Ct.,Ann Arbor,,1118 Maiden Lane Ct.,,
515,1404,1013,Manor Drive,Ann Arbor,,1013 Manor Drive,,
516,1405,448,Manor Drive,Ann Arbor,,448 Manor Drive,,
517,20,NA,Martha Cook,Ann Arbor,dorm,Martha Cook,,
518,1406,1101,Martin Place,Ann Arbor,,1101 Martin Place,,
519,739,602,Mary Court,Ann Arbor,,602 Mary Court,,
520,9.1,NA,Mary Markley - Blagdon,Ann Arbor,dorm,Mary Markley - Blagdon,,
521,9.2,NA,Mary Markley - Elliot,Ann Arbor,dorm,Mary Markley - Elliot,,
522,9.3,NA,Mary Markley - Fisher,Ann Arbor,dorm,Mary Markley - Fisher,,
523,9.4,NA,Mary Markley - Little,Ann Arbor,dorm,Mary Markley - Little,,
524,9.5,NA,Mary Markley - Scott,Ann Arbor,dorm,Mary Markley - Scott,,
525,1407,43712,Mary St.,Ann Arbor,,437 1/2 Mary St.,,
526,1408,908,Mary St.,Ann Arbor,,908 Mary St.,,
527,1409,909,Mary St.,Ann Arbor,,909 Mary St.,,
528,702,400,Maynard St.,Ann Arbor,,400 Maynard St.,,
529,1412,324,Maynard St.,Ann Arbor,,324 Maynard St.,,
530,1413,426,Maynard St.,Ann Arbor,,426 Maynard St.,,
531,1414,433,Maynard St.,Ann Arbor,,433 Maynard St.,,
532,1410,400,Maynard St. ,Ann Arbor,,400 Maynard St. ,,
533,682,1159,McIntyre St.,Ann Arbor,,1159 McIntyre St.,,
534,741,1415,McIntyre St.,Ann Arbor,,1415 McIntyre St.,,
535,742,1416,McIntyre St.,Ann Arbor,,1416 McIntyre St.,,
536,1415,1116,McIntyre St.,Ann Arbor,,1116 McIntyre St.,,
537,1416,1169,McIntyre St.,Ann Arbor,,1169 McIntyre St.,,
538,1417,1316,McIntyre St.,Ann Arbor,,1316 McIntyre St.,,
539,1418,1350,McIntyre St.,Ann Arbor,,1350 McIntyre St.,,
540,1419,1366,McIntyre St.,Ann Arbor,,1366 McIntyre St.,,
541,1420,1402,McIntyre St.,Ann Arbor,,1402 McIntyre St.,,
542,1421,1406,McIntyre St.,Ann Arbor,,1406 McIntyre St.,,
543,1422,1428,McIntyre St.,Ann Arbor,,1428 McIntyre St.,,
544,1423,1561,McIntyre St.,Ann Arbor,,1561 McIntyre St.,,
545,1424,1644,McIntyre St.,Ann Arbor,,1644 McIntyre St.,,
546,1425,1646,McIntyre St.,Ann Arbor,,1646 McIntyre St.,,
547,1426,1667,McIntyre St.,Ann Arbor,,1667 McIntyre St.,,
548,1427,1811,McIntyre St.,Ann Arbor,,1811 McIntyre St.,,
549,1428,1927,McIntyre St.,Ann Arbor,,1927 McIntyre St.,,
550,2093,1636,McIntyre St.,Ann Arbor,,1636 McIntyre St.,,
551,607,824,McKinley Ave.,Ann Arbor,,824 McKinley Ave.,,
552,743,874,McKinley Ave.,Ann Arbor,,874 McKinley Ave.,,
553,1429,827,McKinley Ave.,Ann Arbor,,827 McKinley Ave.,,
554,1430,1217,Meadowbrook Ave.,Ann Arbor,,1217 Meadowbrook Ave.,,
555,1435,1110,Michigan Ave.,Ann Arbor,,1110 Michigan Ave.,,
556,1433,NA,Michigan League,Ann Arbor,,Michigan League,,
557,836,NA,Michigan Union,Ann Arbor,,Michigan Union,,
558,620,833,Miller Ave.,Ann Arbor,,833 Miller Ave.,,
559,648,801,Miller Ave.,Ann Arbor,,801 Miller Ave.,,
560,1436,2509,Miller Ave.,Ann Arbor,,2509 Miller Ave.,,
561,1437,2527,Miller Ave.,Ann Arbor,,2527 Miller Ave.,,
562,1438,2541,Miller Ave.,Ann Arbor,,2541 Miller Ave.,,
563,1440,701,Miller Ave.,Ann Arbor,,701 Miller Ave.,,
564,1441,728,Miller Ave.,Ann Arbor,,728 Miller Ave.,,
565,2158,837,Miller Ave.,Ann Arbor,,837 Miller Ave.,,
566,677,627,Miner St.,Ann Arbor,,627 Miner St.,,
567,1442,1019,Miner St.,Ann Arbor,,1019 Miner St.,,
568,1443,1110,Miner St.,Ann Arbor,,1110 Miner St.,,
569,1444,512,Miner St.,Ann Arbor,,512 Miner St.,,
570,1445,611,Miner St.,Ann Arbor,,611 Miner St.,,
571,1446,615,Miner St.,Ann Arbor,,615 Miner St.,,
572,1447,621,Miner St.,Ann Arbor,,621 Miner St.,,
573,1448,916,Miner St.,Ann Arbor,,916 Miner St.,,
574,302,608,Monroe St.,Ann Arbor,,608 Monroe St.,,
575,633,1010,Monroe St.,Ann Arbor,,1010 Monroe St.,,
576,1449,1101,Monroe St.,Ann Arbor,,1101 Monroe St.,,
577,1450,514,Monroe St.,Ann Arbor,,514 Monroe St.,,
578,1452,614,Monroe St.,Ann Arbor,,614 Monroe St.,,
579,1453,802,Monroe St.,Ann Arbor,,802 Monroe St.,,
580,1454,804,Monroe St.,Ann Arbor,,804 Monroe St.,,
581,1455,814,Monroe St.,Ann Arbor,,814 Monroe St.,,
582,1456,908,Monroe St.,Ann Arbor,,908 Monroe St.,,
583,1457,912,Monroe St.,Ann Arbor,,912 Monroe St.,,
584,1458,1514,Montclaire,Ann Arbor,,1514 Montclaire,,
585,1459,407,Montgomery St.,Ann Arbor,,407 Montgomery St.,,
586,1460,707,Moore St.,Ann Arbor,,707 Moore St.,,
587,1462,1217,Morningside Dr.,Ann Arbor,,1217 Morningside Dr.,,
588,301,207,Mosley St.,Ann Arbor,,207 Mosley St.,,
589,303,119,Mosley St.,Ann Arbor,,119 Mosley St.,,
590,293,1586,Murfin Ave.,Ann Arbor,,1586 Murfin Ave.,,
591,294,1634,Murfin Ave.,Ann Arbor,,1634 Murfin Ave.,,
592,295,1678,Murfin Ave.,Ann Arbor,,1678 Murfin Ave.,,
593,297,1700,Murfin Ave.,Ann Arbor,,1700 Murfin Ave.,,
594,1468,1585,Murfin Ave.,Ann Arbor,,1585 Murfin Ave.,,
595,1469,1643,Murfin Ave.,Ann Arbor,,1643 Murfin Ave.,,
596,1470,167812,Murfin Ave.,Ann Arbor,,1678-12 Murfin Ave.,,
597,1471,167826,Murfin Ave.,Ann Arbor,,1678-26 Murfin Ave.,,
598,1472,167813,Murfin Ave.,Ann Arbor,,167813 Murfin Ave.,,
599,1474,1700,Murfin Ct,Ann Arbor,check,1700 Murfin Ct,,
600,1473,1800,Murfin Ct.,Ann Arbor,check,1800 Murfin Ct.,,
601,2094,236,Murray St.,Ann Arbor,,236 Murray St.,,
602,1475,206,N. 14th St.,Ann Arbor,,206 N. 14th St.,,
603,1476,439,N. Ashley St.,Ann Arbor,,439 N. Ashley St.,,
604,1477,1111,N. Blackstone,Ann Arbor,,1111 N. Blackstone,,
605,1479,218,N. Division St.,Ann Arbor,,218 N. Division St.,,
606,1480,303,N. Division St.,Ann Arbor,,303 N. Division St.,,
607,1481,418,N. Division St.,Ann Arbor,,418 N. Division St.,,
608,1482,538,N. Division St.,Ann Arbor,,538 N. Division St.,,
609,714,507,N. Fifth Ave.,Ann Arbor,,507 N. Fifth Ave.,,
610,1483,161,N. Fifth Ave.,Ann Arbor,,161 N. Fifth Ave.,,
611,1485,505,N. Fifth Ave.,Ann Arbor,,505 N. Fifth Ave.,,
612,1491,605,N. Fifth Ave.,Ann Arbor,,605 N. Fifth Ave.,,
613,1494,721,N. Fifth Ave.,Ann Arbor,,721 N. Fifth Ave.,,
614,699,652,N. Fourth Ave.,Ann Arbor,,652 N. Fourth Ave.,,
615,745,110,N. Fourth Ave.,Ann Arbor,,110 N. Fourth Ave.,,
616,746,616,N. Fourth Ave.,Ann Arbor,,616 N. Fourth Ave.,,
617,1498,320,N. Fourth Ave.,Ann Arbor,,320 N. Fourth Ave.,,
618,1499,409,N. Fourth Ave.,Ann Arbor,,409 N. Fourth Ave.,,
619,1500,420,N. Fourth Ave.,Ann Arbor,,420 N. Fourth Ave.,,
620,1502,511,N. Fourth Ave.,Ann Arbor,,511 N. Fourth Ave.,,
621,1505,637,N. Fourth Ave.,Ann Arbor,,637 N. Fourth Ave.,,
622,1510,720,N. Fourth Ave.,Ann Arbor,,720 N. Fourth Ave.,,
623,1511,503,N. Fourth Ave.,Ann Arbor,,503 N. Fourth Ave.,,
624,1513,714,N. Fourth Ave.,Ann Arbor,,714 N. Fourth Ave.,,
625,2234,712,N. Fourth Ave.,Ann Arbor,,712 N. Fourth Ave.,,
626,2244,212,N. Fourth Ave.,Ann Arbor,,212 N. Fourth Ave.,,
627,1104,211,N. Fourth Ave.,Ann Arbor,Dunbar Civic League,211 N. Fourth Ave.,,
628,1507,645,N. Fourth St.,Ann Arbor,,645 N. Fourth St.,,
629,1514,2460,N. LaSalle,Ann Arbor,,2460 N. LaSalle,,
630,617,724,N. Main St.,Ann Arbor,,724 N. Main St.,,
631,710,718,N. Main St.,Ann Arbor,,718 N. Main St.,,
632,758,733,N. Main St.,Ann Arbor,,733 N. Main St.,,
633,1515,17,N. Main St.,Ann Arbor,,017 N. Main St.,,
634,1517,1350,N. Main St.,Ann Arbor,,1350 N. Main St.,,
635,1518,21112,N. Main St.,Ann Arbor,,211 1/2 N. Main St.,,
636,1519,220,N. Main St.,Ann Arbor,,220 N. Main St.,,
637,1520,23,N. Main St.,Ann Arbor,,23 N. Main St.,,
638,1521,614,N. Main St.,Ann Arbor,,614 N. Main St.,,
639,1522,707,N. Main St.,Ann Arbor,,707 N. Main St.,,
640,1524,514,N. Seventh St.,Ann Arbor,,514 N. Seventh St.,,
641,614,301,N. State St.,Ann Arbor,,301 N. State St.,,
642,759,403,N. State St.,Ann Arbor,,403 N. State St.,,
643,1526,123,N. State St.,Ann Arbor,,123 N. State St.,,
644,1527,216,N. State St.,Ann Arbor,,216 N. State St.,,
645,1529,410,N. State St.,Ann Arbor,,410 N. State St.,,
646,1531,502,N. State St.,Ann Arbor,,502 N. State St.,,
647,1532,506,N. State St.,Ann Arbor,,506 N. State St.,,
648,1533,20912,N. State St.,Ann Arbor,,209 1/2 N. State St.,,
649,2143,545,N. State St.,Ann Arbor,,545 N. State St.,,
650,724,315,N. State St.,Ann Arbor,Michigan House Cooperative 1947 - Present,315 N. State St.,,
651,651,214,N. Thayer St.,Ann Arbor,,214 N. Thayer St.,,
652,1535,205,N. Thayer St.,Ann Arbor,,205 N. Thayer St.,,
653,1536,217,N. Thayer St.,Ann Arbor,,217 N. Thayer St.,,
654,1539,321,N. Thayer St.,Ann Arbor,,321 N. Thayer St.,,
655,1540,213,N. Thayer St.,Ann Arbor,,213 N. Thayer St.,,
656,2195,209,N. Thayer St.,Ann Arbor,,209 N. Thayer St.,,
657,761,412,N. Thayer St.,Ann Arbor,check if north,412 N. Thayer St.,,
658,1537,312,N. Thayer St.,Ann Arbor,check if north,312 N. Thayer St.,,
659,762,919,N. University Ave.,Ann Arbor,,919 N. University Ave.,,
660,1541,1017,N. University Ave.,Ann Arbor,,1017 N. University Ave.,,
661,1542,1330,N. University Ave.,Ann Arbor,,1330 N. University Ave.,,
662,1543,1340,N. University Ave.,Ann Arbor,,1340 N. University Ave.,,
663,1545,1324,N. University Ave.,Ann Arbor,,1324 N. University Ave.,,
664,610,NA,New WRH,Ann Arbor,Alice Lloyd Dorm,New WRH,,
665,1548,1200,Newport Road,Ann Arbor,,1200 Newport Road,,
666,676,1139,Nielsen Court,Ann Arbor,,1139 Nielsen Court,,
667,763,1131,Nielsen Court,Ann Arbor,,1131 Nielsen Court,,
668,764,1125,Nielsen Court,Ann Arbor,,1125 Nielsen Court,,
669,1549,1114,Nielsen Court,Ann Arbor,,1114 Nielsen Court,,
670,1550,1118,Nielsen Court,Ann Arbor,,1118 Nielsen Court,,
671,1551,1120,Nielsen Court,Ann Arbor,,1120 Nielsen Court,,
672,1552,1127,Nielsen Court,Ann Arbor,,1127 Nielsen Court,,
673,1553,1128,Nielsen Court,Ann Arbor,,1128 Nielsen Court,,
674,1554,1142,Nielsen Court,Ann Arbor,,1142 Nielsen Court,,
675,1555,1143,Nielsen Court,Ann Arbor,,1143 Nielsen Court,,
676,1556,409,Nob Hill Place,Ann Arbor,,409 Nob Hill Place,,
677,1557,2030,Norfolk Ave.,Ann Arbor,,2030 Norfolk Ave.,,
678,18,2017,Northwood Apts.,Ann Arbor,,2017A Northwood Apts.,,
679,18.1,1654,Northwood Apts.,Ann Arbor,,1654 Northwood Apts.,,
680,18.2,1821,Northwood Apts.,Ann Arbor,,1821 Northwood Apts.,,
681,1561,NA,nw corner 14th and Washington,Ann Arbor,Mrs. Emily Jones,nw corner 14th and Washington,,
682,509,1130,Oakland Ave.,Ann Arbor,,1130 Oakland Ave.,,
683,511,1110,Oakland Ave.,Ann Arbor,,1110 Oakland Ave.,,
684,512,802,Oakland Ave.,Ann Arbor,,802 Oakland Ave.,,
685,513,911,Oakland Ave.,Ann Arbor,,911 Oakland Ave.,,
686,514,912,Oakland Ave.,Ann Arbor,,912 Oakland Ave.,,
687,1564,1030,Oakland Ave.,Ann Arbor,,1030 Oakland Ave.,,
688,1565,1208,Oakland Ave.,Ann Arbor,,1208 Oakland Ave.,,
689,1566,723,Oakland Ave.,Ann Arbor,,723 Oakland Ave.,,
690,1567,727,Oakland Ave.,Ann Arbor,,727 Oakland Ave.,,
691,1568,91,Oakland Ave.,Ann Arbor,,91 Oakland Ave.,,
692,2194,905,Oakland Ave.,Ann Arbor,,905 Oakland Ave.,,
693,2006,900,Oakland Ave.,Ann Arbor,Lester House Coop,900 Oakland Ave.,,
694,1572,3550,Oakwood St.,Ann Arbor,,3550 Oakwood St.,,
695,1575,911,Olivia St.,Ann Arbor,,911 Olivia St.,,
696,1576,6622,Orange Lane,Ann Arbor,,6622 Orange Lane,,
697,1579,1922,Orchard St.,Ann Arbor,Ann Arbor?,1922 Orchard St.,,
698,1578,1822,Orchard St. ,Ann Arbor,Ann Arbor?,1822 Orchard St. ,,
699,1582,605,Oswego St.,Ann Arbor,,605 Oswego St.,,
700,12.1,NA,Oxford Housing - Cheever,Ann Arbor,dorm,Oxford Housing - Cheever,,
701,12.2,NA,Oxford Housing - Emmanuel,Ann Arbor,dorm,Oxford Housing - Emmanuel,,
702,12.3,NA,Oxford Housing - Goddard,Ann Arbor,dorm,Oxford Housing - Goddard,,
703,12.4,NA,Oxford Housing - Seeley,Ann Arbor,dorm,Oxford Housing - Seeley,,
704,12.5,NA,Oxford Housing - Vandenburg,Ann Arbor,dorm,Oxford Housing - Vandenburg,,
705,519,627,Oxford Rd.,Ann Arbor,,627 Oxford Rd.,,
706,679,NA,Oxford Rd.,Ann Arbor,,Oxford Rd.,,
707,1587,603,Oxford Rd.,Ann Arbor,,603 Oxford Rd.,,
708,1588,613,Oxford Rd.,Ann Arbor,,613 Oxford Rd.,,
709,1589,621,Oxford Rd.,Ann Arbor,,621 Oxford Rd.,,
710,1590,632,Oxford Rd.,Ann Arbor,,632 Oxford Rd.,,
711,1591,633,Oxford Rd.,Ann Arbor,,633 Oxford Rd.,,
712,1593,707,Oxford Rd.,Ann Arbor,,707 Oxford Rd.,,
713,2224,3328,Oxford Rd.,Ann Arbor,,3328 Oxford Rd.,,
714,1594,NA,P-Lloyd,Ann Arbor,,P-Lloyd,,
715,481,630,Packard St.,Ann Arbor,,630 Packard St.,,
716,482,731,Packard St.,Ann Arbor,,731 Packard St.,,
717,483,736,Packard St.,Ann Arbor,,736 Packard St.,,
718,484,811,Packard St.,Ann Arbor,,811 Packard St.,,
719,529,1003,Packard St.,Ann Arbor,,1003 Packard St.,,
720,530,1005,Packard St.,Ann Arbor,,1005 Packard St.,,
721,531,1025,Packard St.,Ann Arbor,,1025 Packard St.,,
722,533,307,Packard St.,Ann Arbor,,307 Packard St.,,
723,534,323,Packard St.,Ann Arbor,,323 Packard St.,,
724,535,406,Packard St.,Ann Arbor,,406 Packard St.,,
725,536,512,Packard St.,Ann Arbor,,512 Packard St.,,
726,625,535,Packard St.,Ann Arbor,,535 Packard St.,,
727,655,626,Packard St.,Ann Arbor,,626 Packard St.,,
728,687,526,Packard St.,Ann Arbor,,526 Packard St.,,
729,1597,1015,Packard St.,Ann Arbor,,1015 Packard St.,,
730,1598,1306,Packard St.,Ann Arbor,,1306 Packard St.,,
731,1599,1310,Packard St.,Ann Arbor,,1310 Packard St.,,
732,1600,1531,Packard St.,Ann Arbor,,1531 Packard St.,,
733,1601,18,Packard St.,Ann Arbor,,18 Packard St.,,
734,1602,2208,Packard St.,Ann Arbor,,2208 Packard St.,,
735,1603,335,Packard St.,Ann Arbor,,335 Packard St.,,
736,1604,420,Packard St.,Ann Arbor,,420 Packard St.,,
737,1605,430,Packard St.,Ann Arbor,,430 Packard St.,,
738,1606,4881,Packard St.,Ann Arbor,,4881 Packard St.,,
739,1607,549,Packard St.,Ann Arbor,,549 Packard St.,,
740,1608,555,Packard St.,Ann Arbor,,555 Packard St.,,
741,1609,565,Packard St.,Ann Arbor,,565 Packard St.,,
742,1610,606,Packard St.,Ann Arbor,,606 Packard St.,,
743,1612,727,Packard St.,Ann Arbor,,727 Packard St.,,
744,1613,802,Packard St.,Ann Arbor,,802 Packard St.,,
745,2010,308,Packard St.,Ann Arbor,,308 Packard St.,,
746,2102,523,Packard St.,Ann Arbor,,523 Packard St.,,
747,2157,917,Packard St.,Ann Arbor,,917 Packard St.,,
748,2184,734,Packard St.,Ann Arbor,,734 Packard St.,,
749,1616,4212,Parker House,Ann Arbor,,4212 Parker House,,
750,1618,2214,Parkwood Ave.,Ann Arbor,,2214 Parkwood Ave.,,
751,1619,2334,Parkwood Ave.,Ann Arbor,,2334 Parkwood Ave.,,
752,2081,2385,Parkwood Ave.,Ann Arbor,,2385 Parkwood Ave.,,
753,490,136,Pasadena,Ann Arbor,zz,136 Pasadena,,
754,1621,1815,Pauline Blvd.,Ann Arbor,,1815 Pauline Blvd.,,
755,1622,1905,Pauline Blvd.,Ann Arbor,,1905 Pauline Blvd.,,
756,1623,2016,Pauline Blvd.,Ann Arbor,,2016 Pauline Blvd.,,
757,1624,2022,Pauline Blvd.,Ann Arbor,,2022 Pauline Blvd.,,
758,1625,2026,Pauline Blvd.,Ann Arbor,,2026 Pauline Blvd.,,
759,1626,2052,Pauline Blvd.,Ann Arbor,,2052 Pauline Blvd.,,
760,1627,2078,Pauline Blvd.,Ann Arbor,,2078 Pauline Blvd.,,
761,1628,2100,Pauline Blvd.,Ann Arbor,,2100 Pauline Blvd.,,
762,1629,2922,Pauline Blvd.,Ann Arbor,,2922 Pauline Blvd.,,
763,487,1616,Peach St.,Ann Arbor,,1616 Peach St.,,
764,1630,1615,Peach St.,Ann Arbor,,1615 Peach St.,,
765,1631,1411,Pear St.,Ann Arbor,,1411 Pear St.,,
766,1632,1440,Pear St.,Ann Arbor,,1440 Pear St.,,
767,488,1440,Pear St. ,Ann Arbor,,1440 Pear St. ,,
768,1637,NA,Phi Rho Sigma,Ann Arbor,zz,Phi Rho Sigma,,
769,2246,136,Phillip St.,Ann Arbor,,136 Phillip St.,,
770,491,1511,Pine Valley Blvd.,Ann Arbor,,1511 Pine Valley Blvd.,,
771,1641,1523,Pine Valley Blvd.,Ann Arbor,,1523 Pine Valley Blvd.,,
772,1644,2843,Pittsfield  Blvd.,Ann Arbor,,2843 Pittsfield  Blvd.,,
773,1645,2641,Pittsfield Blvd.,Ann Arbor,,2641 Pittsfield Blvd.,,
774,1646,2845,Pittsfield Blvd.,Ann Arbor,,2845 Pittsfield Blvd.,,
775,1647,809,Plum St.,Ann Arbor,,809 Plum St.,,
776,1648,821,Plum St.,Ann Arbor,,821 Plum St.,,
777,1649,1516,Plymouth Rd.,Ann Arbor,,1516 Plymouth Rd.,,
778,1650,8060,Pontiac Lake Rd.,Ann Arbor,,8060 Pontiac Lake Rd.,,
779,1651,1817,Pontiac Trail,Ann Arbor,,1817 Pontiac Trail,,
780,1681,921,Pontiac Trail,Ann Arbor,,921 Pontiac Trail,,
781,1655,1061,Prospect Ave.,Ann Arbor,Toledo OH,1061 Prospect Ave.,,
782,492,1109,Prospect Road,Ann Arbor,,1109 Prospect Road,,
783,493,1225,Prospect Road,Ann Arbor,,1225 Prospect Road,,
784,1660,206,Rockingham Toledo,Ann Arbor,,206 Rockingham Toledo,,
785,1664,119,S. 14th St.,Ann Arbor,,119 S. 14th St.,,
786,1665,209,S. 14th St.,Ann Arbor,,209 S. 14th St.,,
787,1666,211,S. 14th St.,Ann Arbor,,211 S. 14th St.,,
788,1667,407,S. Ashley St.,Ann Arbor,,407 S. Ashley St.,,
789,1668,2520,S. Beatrice,Ann Arbor,,2520 S. Beatrice,,
790,495,315,S. Division St.,Ann Arbor,,315 S. Division St.,,
791,496,327,S. Division St.,Ann Arbor,,327 S. Division St.,,
792,497,340,S. Division St.,Ann Arbor,,340 S. Division St.,,
793,498,344,S. Division St.,Ann Arbor,,344 S. Division St.,,
794,499,425,S. Division St.,Ann Arbor,,425 S. Division St.,,
795,500,508,S. Division St.,Ann Arbor,,508 S. Division St.,,
796,501,525,S. Division St.,Ann Arbor,,525 S. Division St.,,
797,502,725,S. Division St.,Ann Arbor,,725 S. Division St.,,
798,503,915,S. Division St.,Ann Arbor,,915 S. Division St.,,
799,1671,322,S. Division St.,Ann Arbor,,322 S. Division St.,,
800,1672,335,S. Division St.,Ann Arbor,,335 S. Division St.,,
801,1673,336,S. Division St.,Ann Arbor,,336 S. Division St.,,
802,1674,426,S. Division St.,Ann Arbor,,426 S. Division St.,,
803,1675,429,S. Division St.,Ann Arbor,,429 S. Division St.,,
804,1677,509,S. Division St.,Ann Arbor,,509 S. Division St.,,
805,1679,622,S. Division St.,Ann Arbor,,622 S. Division St.,,
806,1680,807,S. Division St.,Ann Arbor,,807 S. Division St.,,
807,1685,414,S. Division St.,Ann Arbor,,414 S. Division St.,,
808,1686,443,S. Division St.,Ann Arbor,,443 S. Division St.,,
809,1688,543,S. Division St.,Ann Arbor,,543 S. Division St.,,
810,1678.1,545,S. Division St.,Ann Arbor,,545 S. Division St.,,
811,2084,921,S. Division St.,Ann Arbor,,921 S. Division St.,,
812,2108,910,S. Division St.,Ann Arbor,,910 S. Division St.,,
813,602,609,S. Fifth Ave.,Ann Arbor,,609 S. Fifth Ave.,,
814,1689,303,S. Fifth Ave.,Ann Arbor,,303 S. Fifth Ave.,,
815,1691,507,S. Fifth Ave.,Ann Arbor,,507 S. Fifth Ave.,,
816,2107,548,S. Fifth Ave.,Ann Arbor,,548 S. Fifth Ave.,,
817,2164,350,S. Fifth Ave.,Ann Arbor,,350 S. Fifth Ave.,,
818,2205,332,S. Fifth Ave.,Ann Arbor,,332 S. Fifth Ave.,,
819,768,815,S. First St.,Ann Arbor,,815 S. First St.,,
820,600,1001,S. Forest  Ave.,Ann Arbor,,1001 S. Forest  Ave.,,
821,2191,441,S. Forest  Ave.,Ann Arbor,,441 S. Forest  Ave.,,
822,582,620,S. Forest Ave.,Ann Arbor,,620 S. Forest Ave.,,
823,1163,1004,S. Forest Ave.,Ann Arbor,,1004 S. Forest Ave.,,
824,1165,612,S. Forest Ave.,Ann Arbor,,612 S. Forest Ave.,,
825,2111,721,S. Forest Ave.,Ann Arbor,,721 S. Forest Ave.,,
826,1696,610,S. Forest. Ave,Ann Arbor,,610 S. Forest. Ave,,
827,675,816,S. Forest. Ave.,Ann Arbor,,816 S. Forest. Ave.,,
828,705,917,S. Forest. Ave.,Ann Arbor,,917 S. Forest. Ave.,,
829,711,100,S. Forest. Ave.,Ann Arbor,,100 S. Forest. Ave.,,
830,767,1302,S. Forest. Ave.,Ann Arbor,,1302 S. Forest. Ave.,,
831,769,933,S. Forest. Ave.,Ann Arbor,,933 S. Forest. Ave.,,
832,1692,413,S. Forest. Ave.,Ann Arbor,,413 S. Forest. Ave.,,
833,1693,526,S. Forest. Ave.,Ann Arbor,,526 S. Forest. Ave.,,
834,1694,531,S. Forest. Ave.,Ann Arbor,,531 S. Forest. Ave.,,
835,1695,546,S. Forest. Ave.,Ann Arbor,,546 S. Forest. Ave.,,
836,1698,701,S. Forest. Ave.,Ann Arbor,,701 S. Forest. Ave.,,
837,1699,912,S. Forest. Ave.,Ann Arbor,,912 S. Forest. Ave.,,
838,1700,921,S. Forest. Ave.,Ann Arbor,,921 S. Forest. Ave.,,
839,1701,923,S. Forest. Ave.,Ann Arbor,,923 S. Forest. Ave.,,
840,1702,1023,S. Forest. Ave.,Ann Arbor,,1023 S. Forest. Ave.,,
841,613,536,S. Forest. Ave.,Ann Arbor,University Towers,536 S. Forest. Ave.,,
842,662,537,S. Fourth Ave.,Ann Arbor,,537 S. Fourth Ave.,,
843,770,343,S. Fourth Ave.,Ann Arbor,,343 S. Fourth Ave.,,
844,771,517,S. Fourth Ave.,Ann Arbor,,517 S. Fourth Ave.,,
845,1703,524,S. Fourth Ave.,Ann Arbor,,524 S. Fourth Ave.,,
846,1704,916,S. Fourth Ave.,Ann Arbor,,916 S. Fourth Ave.,,
847,1705,517,S. Fourth St.,Ann Arbor,,517 S. Fourth St.,,
848,2155,527,S. Fourth St.,Ann Arbor,,527 S. Fourth St.,,
849,1710,3310,S. Liddesdale,Ann Arbor,,3310 S. Liddesdale,,
850,685,723,S. Main St.,Ann Arbor,,723 S. Main St.,,
851,691,817,S. Main St.,Ann Arbor,,817 S. Main St.,,
852,773,1042,S. Main St.,Ann Arbor,,1042 S. Main St.,,
853,774,921,S. Main St.,Ann Arbor,,921 S. Main St.,,
854,1401,1038,S. Main St.,Ann Arbor,,1038 S. Main St.,,
855,1714,1040,S. Main St.,Ann Arbor,,1040 S. Main St.,,
856,1715,728,S. Main St.,Ann Arbor,,728 S. Main St.,,
857,1718,2223,S. Main St.,Ann Arbor,,2223 S. Main St.,,
858,1719,512,S. Main St.,Ann Arbor,,512 S. Main St.,,
859,1721,810,S. Main St.,Ann Arbor,,810 S. Main St.,,
860,1722,815,S. Main St.,Ann Arbor,,815 S. Main St.,,
861,1723,820,S. Main St.,Ann Arbor,,820 S. Main St.,,
862,2239,1043,S. Main St.,Ann Arbor,,1043 S. Main St.,,
863,1399,1023,S. Main St. ,Ann Arbor,,1023 S. Main St. ,,
864,1711,1036,S. Main St. ,Ann Arbor,,1036 S. Main St. ,,
865,1713,826,S. Main St. ,Ann Arbor,,826 S. Main St. ,,
866,1724,1315,S. Maple Rd.,Ann Arbor,,1315 S. Maple Rd.,,
867,1725,4218,S. Maple Rd.,Ann Arbor,,4218 S. Maple Rd.,,
868,1727,725,S. Seventh St.,Ann Arbor,,725 S. Seventh St.,,
869,380,1111,S. State St.,Ann Arbor,,1111 S. State St.,,
870,628,720,S. State St.,Ann Arbor,,720 S. State St.,,
871,674,1113,S. State St.,Ann Arbor,,1113 S. State St.,,
872,777,548,S. State St.,Ann Arbor,,548 S. State St.,,
873,778,726,S. State St.,Ann Arbor,,726 S. State St.,,
874,795,1107,S. State St.,Ann Arbor,,1107 S. State St.,,
875,1729,1521,S. State St.,Ann Arbor,,1521 S. State St.,,
876,1730,1601,S. State St.,Ann Arbor,,1601 S. State St.,,
877,1731,211,S. State St.,Ann Arbor,,211 S. State St.,,
878,1732,2205,S. State St.,Ann Arbor,,2205 S. State St.,,
879,1733,2511,S. State St.,Ann Arbor,,2511 S. State St.,,
880,1734,315,S. State St.,Ann Arbor,,315 S. State St.,,
881,1736,607,S. State St.,Ann Arbor,,607 S. State St.,,
882,1738,729,S. State St.,Ann Arbor,,729 S. State St.,,
883,1739,730,S. State St.,Ann Arbor,,730 S. State St.,,
884,1740,736,S. State St.,Ann Arbor,,736 S. State St.,,
885,1741,811,S. State St.,Ann Arbor,,811 S. State St.,,
886,1742,812,S. State St.,Ann Arbor,,812 S. State St.,,
887,1743,816,S. State St.,Ann Arbor,,816 S. State St.,,
888,1744,904,S. State St.,Ann Arbor,,904 S. State St.,,
889,1745,910,S. State St.,Ann Arbor,,910 S. State St.,,
890,1746,918,S. State St.,Ann Arbor,,918 S. State St.,,
891,2125,1217,S. State St.,Ann Arbor,,1217 S. State St.,,
892,2175,429,S. State St.,Ann Arbor,,429 S. State St.,,
893,2196,803,S. State St.,Ann Arbor,,803 S. State St.,,
894,2199,604,S. State St.,Ann Arbor,,604 S. State St.,,
895,2249,627,S. State St.,Ann Arbor,,627 S. State St.,,
896,665,312,S. Thayer St.,Ann Arbor,,312 S. Thayer St.,,
897,1747,229,S. Thayer St.,Ann Arbor,,229 S. Thayer St.,,
898,1748,45,S. Thayer St.,Ann Arbor,,45 S. Thayer St.,,
899,2112,236,S. Thayer St.,Ann Arbor,,236 S. Thayer St.,,
900,2197,220,S. Thayer St.,Ann Arbor,,220 S. Thayer St.,,
901,2206,609,S. Thayer St.,Ann Arbor,,609 S. Thayer St.,,
902,725,1320,S. University Ave.,Ann Arbor,,1320 S. University Ave.,,
903,1750,1020,S. University Ave.,Ann Arbor,,1020 S. University Ave.,,
904,1751,1115,S. University Ave.,Ann Arbor,,1115 S. University Ave.,,
905,1753,1225,S. University Ave.,Ann Arbor,,1225 S. University Ave.,,
906,1754,1513,S. University Ave.,Ann Arbor,,1513 S. University Ave.,,
907,1755,1520,S. University Ave.,Ann Arbor,,1520 S. University Ave.,,
908,1756,1709,S. University Ave.,Ann Arbor,,1709 S. University Ave.,,
909,1758,1734,Sanford Place,Ann Arbor,,1734 Sanford Place,,
910,1761,509,Sauer Court,Ann Arbor,,509 Sauer Court,,
911,1762,3107,Scenic Lake Drive,Ann Arbor,,3107 Scenic Lake Drive,,
912,1763,1780,Scio Cchurch Rd.,Ann Arbor,,1780 Scio Cchurch Rd.,,
913,1770,1509,Shadford Rd.,Ann Arbor,,1509 Shadford Rd.,,
914,604,2227,Shadowood Drive,Ann Arbor,,2227 Shadowood Drive,,
915,1771,2281,Shadowood Drive,Ann Arbor,,2281 Shadowood Drive,,
916,1772,2285,Shadowood Drive,Ann Arbor,,2285 Shadowood Drive,,
917,1773,2334,Shadowood Drive,Ann Arbor,,2334 Shadowood Drive,,
918,308,1317,Sheehan Ave.,Ann Arbor,,1317 Sheehan Ave.,,
919,1774,1314,Sheehan Ave.,Ann Arbor,,1314 Sheehan Ave.,,
920,1775,1331,Sheehan Ave.,Ann Arbor,,1331 Sheehan Ave.,,
921,2083,1315,Sheehan Ave.,Ann Arbor,,1315 Sheehan Ave.,,
922,1776,975,Sherwood St.,Ann Arbor,,975 Sherwood St.,,
923,1777,1861,Shirley Lane,Ann Arbor,,1861 Shirley Lane,,
924,1779,554,Sixth St.,Ann Arbor,,554 Sixth St.,,
925,1780,787,Skynob Drive,Ann Arbor,,787 Skynob Drive,,
926,13.1,NA,South Quad - Bush,Ann Arbor,dorm,South Quad - Bush,,
927,13.2,NA,South Quad - Frederick,Ann Arbor,dorm,South Quad - Frederick,,
928,13.3,NA,South Quad - Gomberg,Ann Arbor,dorm,South Quad - Gomberg,,
929,13.4,NA,South Quad - Huber,Ann Arbor,dorm,South Quad - Huber,,
930,13.5,NA,South Quad - Hunt,Ann Arbor,dorm,South Quad - Hunt,,
931,13.6,NA,South Quad - Kelsey,Ann Arbor,dorm,South Quad - Kelsey,,
932,13.7,NA,South Quad - Reeves,Ann Arbor,dorm,South Quad - Reeves,,
933,13.8,NA,South Quad - Taylor ,Ann Arbor,dorm,South Quad - Taylor ,,
934,13.9,NA,South Quad - Thronson,Ann Arbor,dorm,South Quad - Thronson,,
935,13.11,NA,South Quad - Van Tyne ,Ann Arbor,dorm,South Quad - Van Tyne ,,
936,310,1309,South University Ave.,Ann Arbor,,1309 South University Ave.,,
937,1783,1320,South University Ave.,Ann Arbor,,1320 South University Ave.,,
938,1784,560,South Winter St.,Ann Arbor,,560 South Winter St.,,
939,2166,611,Spring St.,Ann Arbor,,611 Spring St.,,
940,1786,2242,St. Francis Drive,Ann Arbor,,2242 St. Francis Drive,,
941,1787,1840,Stadium Place,Ann Arbor,,1840 Stadium Place,,
942,1788,1856,Stadium Place,Ann Arbor,,1856 Stadium Place,,
943,1789,1860,Stadium Place,Ann Arbor,,1860 Stadium Place,,
944,2174,1113,State Rd.,Ann Arbor,,1113 State Rd.,,
945,1790,NA,State St.,Ann Arbor,,State St.,,
946,312,2331,Stone Road,Ann Arbor,,2331 Stone Road,,
947,1804,2125,Stone Road,Ann Arbor,,2125 Stone Road,,
948,1805,2133,Stone Road,Ann Arbor,,2133 Stone Road,,
949,1806,2251,Stone Road,Ann Arbor,,2251 Stone Road,,
950,1807,2269,Stone Road,Ann Arbor,,2269 Stone Road,,
951,1808,2463,Stone Road,Ann Arbor,,2463 Stone Road,,
952,2147,2115,Stone Road,Ann Arbor,,2115 Stone Road,,
953,2218,2290,Stone Road,Ann Arbor,,2290 Stone Road,,
954,1810,5436,Strawberry Lake Rd,Ann Arbor,,5436 Strawberry Lake Rd,,
955,1811,818,Strown St.,Ann Arbor,,818 Strown St.,,
956,1813,132,Summit St.,Ann Arbor,,132 Summit St.,,
957,1815,236,Sunset Road,Ann Arbor,,236 Sunset Road,,
958,313,908,Sybil St.,Ann Arbor,,908 Sybil St.,,
959,314,915,Sybil St.,Ann Arbor,,915 Sybil St.,,
960,1817,NA,Sybil St.,Ann Arbor,,Sybil St.,,
961,315,917,Sylvan Ave.,Ann Arbor,,917 Sylvan Ave.,,
962,1820,831,Tappan  Ave.,Ann Arbor,,831 Tappan  Ave.,,
963,316,720,Tappan Ave.,Ann Arbor,,720 Tappan Ave.,,
964,318,808,Tappan Ave.,Ann Arbor,,808 Tappan Ave.,,
965,319,839,Tappan Ave.,Ann Arbor,,839 Tappan Ave.,,
966,1821,724,Tappan Ave.,Ann Arbor,,724 Tappan Ave.,,
967,1822,829,Tappan Ave.,Ann Arbor,,829 Tappan Ave.,,
968,1823,836,Tappan Ave.,Ann Arbor,,836 Tappan Ave.,,
969,1824,848,Tappan Ave.,Ann Arbor,,848 Tappan Ave.,,
970,1826,436,Third St.,Ann Arbor,,436 Third St.,,
971,2151,350,Thompson,Ann Arbor,,350 Thompson,,
972,320,536,Thompson St.,Ann Arbor,,536 Thompson St.,,
973,1827,236,Thompson St.,Ann Arbor,,236 Thompson St.,,
974,1828,307,Thompson St.,Ann Arbor,,307 Thompson St.,,
975,1834,1510,Traver Road,Ann Arbor,,1510 Traver Road,,
976,1835,1520,Traver Road,Ann Arbor,,1520 Traver Road,,
977,1836,1529,Traver Road,Ann Arbor,,1529 Traver Road,,
978,2080,603,Turner Park Court,Ann Arbor,,603 Turner Park Court,,
979,1840,NA,UM Fresh Air Camp,Ann Arbor,,UM Fresh Air Camp,,
980,321,1436,University Terrace,Ann Arbor,,1436 University Terrace,,
981,323,1441,University Terrace,Ann Arbor,,1441 University Terrace,,
982,324,1444,University Terrace,Ann Arbor,,1444 University Terrace,,
983,325,1446,University Terrace,Ann Arbor,,1446 University Terrace,,
984,326,1447,University Terrace,Ann Arbor,,1447 University Terrace,,
985,327,1448,University Terrace,Ann Arbor,,1448 University Terrace,,
986,328,1454,University Terrace,Ann Arbor,,1454 University Terrace,,
987,329,1458,University Terrace,Ann Arbor,,1458 University Terrace,,
988,330,1462,University Terrace,Ann Arbor,,1462 University Terrace,,
989,1848,1119,University Terrace,Ann Arbor,,1119 University Terrace,,
990,1849,1427,University Terrace,Ann Arbor,,1427 University Terrace,,
991,1850,1429,University Terrace,Ann Arbor,,1429 University Terrace,,
992,1851,1431,University Terrace,Ann Arbor,,1431 University Terrace,,
993,1852,1438,University Terrace,Ann Arbor,,1438 University Terrace,,
994,1853,1443,University Terrace,Ann Arbor,,1443 University Terrace,,
995,1855,1452,University Terrace,Ann Arbor,,1452 University Terrace,,
996,1856,1456,University Terrace,Ann Arbor,,1456 University Terrace,,
997,1857,1459,University Terrace,Ann Arbor,,1459 University Terrace,,
998,1858,1460,University Terrace,Ann Arbor,,1460 University Terrace,,
999,1859,1464,University Terrace,Ann Arbor,,1464 University Terrace,,
1000,1860,1465,University Terrace,Ann Arbor,,1465 University Terrace,,
1001,1861,1467,University Terrace,Ann Arbor,,1467 University Terrace,,
1002,1862,1960,University Terrace,Ann Arbor,,1960 University Terrace,,
1003,1863,1962,University Terrace,Ann Arbor,,1962 University Terrace,,
1004,2066,1437,University Terrace,Ann Arbor,,1437 University Terrace,,
1005,1846,1433,University Terrace ,Ann Arbor,,1433 University Terrace ,,
1006,1865,535,University Towers,Ann Arbor,,535 University Towers,,
1007,1866,NA,UofM Hospital,Ann Arbor,,UofM Hospital,,
1008,1870,NA,Vaughan House,Ann Arbor,,Vaughan House,,
1009,1872,1015,Vaughn St.,Ann Arbor,,1015 Vaughn St.,,
1010,1873,1026,Vaughn St.,Ann Arbor,,1026 Vaughn St.,,
1011,2148,1021,Vaughn St.,Ann Arbor,,1021 Vaughn St.,,
1012,1871,414,Vaughn St.,Ann Arbor,check,414 Vaughn St.,,
1013,797,1029,Vaughn St. ,Ann Arbor,,1029 Vaughn St. ,,
1014,1874,417,Ventura Ct.,Ann Arbor,,417 Ventura Ct.,,
1015,1876,1815,Village Green Lane,Ann Arbor,,1815 Village Green Lane,,
1016,1877,1895,Village Green Lane,Ann Arbor,,1895 Village Green Lane,,
1017,1878,2009,Vinewood Blvd.,Ann Arbor,,2009 Vinewood Blvd.,,
1018,1880,3812,Virginia Park,Ann Arbor,,3812 Virginia Park,,
1019,1881,1322,Volland St.,Ann Arbor,,1322 Volland St.,,
1020,1888,125,W. Hoover St.,Ann Arbor,,125 W. Hoover St.,,
1021,340,1117,W. Huron St.,Ann Arbor,,1117 W. Huron St.,,
1022,1889,810,W. Huron St.,Ann Arbor,,810 W. Huron St.,,
1023,1890,2181,W. Joy Road,Ann Arbor,,2181 W. Joy Road,,
1024,341,210,W. Kingsley St.,Ann Arbor,,210 W. Kingsley St.,,
1025,1891,219,W. Kingsley St.,Ann Arbor,,219 W. Kingsley St.,,
1026,1892,804,W. Liberty St.,Ann Arbor,,804 W. Liberty St.,,
1027,1387,206,W. Madison St.,Ann Arbor,,206 W. Madison St.,,
1028,342,6450,W. Michigan Ave.,Ann Arbor,,6450 W. Michigan Ave.,,
1029,1893,224,W. Summit St.,Ann Arbor,,224 W. Summit St.,,
1030,2135,204,W. Summit St.,Ann Arbor,,204 W. Summit St.,,
1031,1894,817,W. Summitt St.,Ann Arbor,,817 W. Summitt St.,,
1032,1895,829,W. Washington,Ann Arbor,,829 W. Washington,,
1033,1907,519,W. Washington,Ann Arbor,,519 W. Washington,,
1034,344,917,Wall St.,Ann Arbor,,917 Wall St.,,
1035,1897,1000,Wall St.,Ann Arbor,,1000 Wall St.,,
1036,1899,2015,Wall St.,Ann Arbor,,2015 Wall St.,,
1037,2097,1044,Wall St.,Ann Arbor,,1044 Wall St.,,
1038,2098,915,Wall St.,Ann Arbor,,915 Wall St.,,
1039,2099,930,Wall St.,Ann Arbor,,930 Wall St.,,
1040,345,525,Walnut St.,Ann Arbor,,525 Walnut St.,,
1041,346,1402,Washington Heights,Ann Arbor,,1402 Washington Heights,,
1042,1903,1430,Washington Heights,Ann Arbor,,1430 Washington Heights,,
1043,1904,1434,Washington Heights,Ann Arbor,,1434 Washington Heights,,
1044,1905,1438,Washington Heights,Ann Arbor,,1438 Washington Heights,,
1045,489,NA,Washtenaw and corner of Hill,Ann Arbor,Phi Kappa Psi House ,Washtenaw and corner of Hill,,
1046,347,1224,Washtenaw Ave.,Ann Arbor,,1224 Washtenaw Ave.,,
1047,348,1309,Washtenaw Ave.,Ann Arbor,,1309 Washtenaw Ave.,,
1048,349,1317,Washtenaw Ave.,Ann Arbor,,1317 Washtenaw Ave.,,
1049,350,1328,Washtenaw Ave.,Ann Arbor,,1328 Washtenaw Ave.,,
1050,351,1331,Washtenaw Ave.,Ann Arbor,,1331 Washtenaw Ave.,,
1051,353,1351,Washtenaw Ave.,Ann Arbor,,1351 Washtenaw Ave.,,
1052,354,1408,Washtenaw Ave.,Ann Arbor,,1408 Washtenaw Ave.,,
1053,355,1443,Washtenaw Ave.,Ann Arbor,,1443 Washtenaw Ave.,,
1054,356,1503,Washtenaw Ave.,Ann Arbor,,1503 Washtenaw Ave.,,
1055,359,4768,Washtenaw Ave.,Ann Arbor,,4768 Washtenaw Ave.,,
1056,1911,1243,Washtenaw Ave.,Ann Arbor,,1243 Washtenaw Ave.,,
1057,1914,1507,Washtenaw Ave.,Ann Arbor,,1507 Washtenaw Ave.,,
1058,1915,1511,Washtenaw Ave.,Ann Arbor,,1511 Washtenaw Ave.,,
1059,1916,1530,Washtenaw Ave.,Ann Arbor,,1530 Washtenaw Ave.,,
1060,1917,1550,Washtenaw Ave.,Ann Arbor,,1550 Washtenaw Ave.,,
1061,1918,1705,Washtenaw Ave.,Ann Arbor,,1705 Washtenaw Ave.,,
1062,1919,1735,Washtenaw Ave.,Ann Arbor,,1735 Washtenaw Ave.,,
1063,1920,1811,Washtenaw Ave.,Ann Arbor,,1811 Washtenaw Ave.,,
1064,1921,1924,Washtenaw Ave.,Ann Arbor,,1924 Washtenaw Ave.,,
1065,1922,2006,Washtenaw Ave.,Ann Arbor,,2006 Washtenaw Ave.,,
1066,1923,2014,Washtenaw Ave.,Ann Arbor,,2014 Washtenaw Ave.,,
1067,1924,210,Washtenaw Ave.,Ann Arbor,,210 Washtenaw Ave.,,
1068,1926,413,Washtenaw Ave.,Ann Arbor,,413 Washtenaw Ave.,,
1069,1927,4760,Washtenaw Ave.,Ann Arbor,,4760 Washtenaw Ave.,,
1070,1928,4782,Washtenaw Ave.,Ann Arbor,,4782 Washtenaw Ave.,,
1071,1929,4820,Washtenaw Ave.,Ann Arbor,,4820 Washtenaw Ave.,,
1072,1930,4844,Washtenaw Ave.,Ann Arbor,,4844 Washtenaw Ave.,,
1073,1896,1219,Washtenaw Ave.,Ann Arbor,(Alumnae House),1219 Washtenaw Ave.,,
1074,1908,1224,Washtenaw Ave. ,Ann Arbor,,1224 Washtenaw Ave. ,,
1075,2242,1306,Washtenaw Terrace,Ann Arbor,,1306 Washtenaw Terrace,,
1076,1931,3260,Waverly Road,Ann Arbor,,3260 Waverly Road,,
1077,360,605,West Hoover St.,Ann Arbor,,605 West Hoover St.,,
1078,1940,1117,West Huron St.,Ann Arbor,,1117 West Huron St.,,
1079,1941,507,West Huron St.,Ann Arbor,,507 West Huron St.,,
1080,14.1,NA,West Quad - Adams,Ann Arbor,dorm,West Quad - Adams,,
1081,14.3,NA,West Quad - Chicago,Ann Arbor,dorm,West Quad - Chicago,,
1082,14.4,NA,West Quad - Lloyd,Ann Arbor,dorm,West Quad - Lloyd,,
1083,14.5,NA,West Quad - Michigan,Ann Arbor,dorm,West Quad - Michigan,,
1084,14.6,NA,West Quad - Wenley,Ann Arbor,dorm,West Quad - Wenley,,
1085,14.7,NA,West Quad - Williams,Ann Arbor,dorm,West Quad - Williams,,
1086,14.8,NA,West Quad - Winchell,Ann Arbor,dorm,West Quad - Winchell,,
1087,1944,1810,West St.adium Blvd.,Ann Arbor,,1810 West St.adium Blvd.,,
1088,1943,1320,West Stadium Blvd.,Ann Arbor,,1320 West Stadium Blvd.,,
1089,1945,114,West Summit St.,Ann Arbor,,114 West Summit St.,,
1090,1946,204,West Summit St.,Ann Arbor,,204 West Summit St.,,
1091,363,1020,Westaire Way,Ann Arbor,,1020 Westaire Way,,
1092,1947,720,Whaley Ct.,Ann Arbor,,720 Whaley Ct.,,
1093,1949,1507,White St.,Ann Arbor,,1507 White St.,,
1094,1951,6317,Whitmore Lake Road,Ann Arbor,,6317 Whitmore Lake Road,,
1095,364,849,Wickfield Court,Ann Arbor,,849 Wickfield Court,,
1096,1953,214,Wildwood Ave.,Ann Arbor,,214 Wildwood Ave.,,
1097,1954,1212,Willard St.,Ann Arbor,,1212 Willard St.,,
1098,1955,48,William St.,Ann Arbor,,48 William St.,,
1099,1956,318,William St.,Ann Arbor,,318 William St.,,
1100,1957,403,William St.,Ann Arbor,,403 William St.,,
1101,1959,511,William St.,Ann Arbor,,511 William St.,,
1102,2048,600,William St.,Ann Arbor,,600 William St.,,
1103,2101,519,William St.,Ann Arbor,,519 William St.,,
1104,1960,3146,Williamsburg Rd.,Ann Arbor,,3146 Williamsburg Rd.,,
1105,1961,3321,Williamsburg Rd.,Ann Arbor,,3321 Williamsburg Rd.,,
1106,1962,3336,Williamsburg Rd.,Ann Arbor,,3336 Williamsburg Rd.,,
1107,1963,3347,Williamsburg Rd.,Ann Arbor,,3347 Williamsburg Rd.,,
1108,367,1311,Wilmot St.,Ann Arbor,,1311 Wilmot St.,,
1109,368,1321,Wilmot St.,Ann Arbor,,1321 Wilmot St.,,
1110,1964,1348,Wilmot St.,Ann Arbor,,1348 Wilmot St.,,
1111,2153,3113,Wolverine Drive,Ann Arbor,,3113 Wolverine Drive,,
1112,1966,NA,Women's League Temporary Dorm,Ann Arbor,,Women's League Temporary Dorm,,
1113,369,3010,Woodland Hills Dr.,Ann Arbor,,3010 Woodland Hills Dr.,,
1114,370,3037,Woodland Hills Dr.,Ann Arbor,,3037 Woodland Hills Dr.,,
1115,1968,3017,Woodland Hills Dr.,Ann Arbor,,3017 Woodland Hills Dr.,,
1116,1969,3027,Woodland Hills Dr.,Ann Arbor,,3027 Woodland Hills Dr.,,
1117,1970,3024,Woodland Hills Dr.,Ann Arbor,,3024 Woodland Hills Dr.,,
1118,373,910,Woodlawn Ave.,Ann Arbor,,910 Woodlawn Ave.,,
1119,1972,1006,Woodlawn Ave.,Ann Arbor,,1006 Woodlawn Ave.,,
1120,1975,918,Woodlawn Ave.,Ann Arbor,,918 Woodlawn Ave.,,
1121,1976,919,Woodlawn Ave.,Ann Arbor,,919 Woodlawn Ave.,,
1122,1977,927,Woodlawn Ave.,Ann Arbor,,927 Woodlawn Ave.,,
1123,1978,948,Woodlawn Ave.,Ann Arbor,,948 Woodlawn Ave.,,
1124,2139,1004,Woodlawn Ave.,Ann Arbor,,1004 Woodlawn Ave.,,
1125,2169,900,Woodlawn Ave.,Ann Arbor,,900 Woodlawn Ave.,,
1126,784,2324,Woodridge Way-TA,Ann Arbor,,2324 Woodridge Way-TA,,
1127,1983,NA,YWCA,Ann Arbor,,YWCA,,
1128,2190,4621,Artley,Belleville,,4621 Artley,,
1129,1093,4886,Denton Road,Belleville,,4886 Denton Road,,
1130,1461,22400,Morley,Dearborn,,22400 Morley,,
1131,545,NA,,Detroit,,,,
1132,2237,4581,,Detroit,,4581,,
1133,31,4063,23rd St.,Detroit,,4063 23rd St.,,
1134,2013,5053,23rd St.,Detroit,,5053 23rd St.,,
1135,2231,135,Adams,Detroit,,135 Adams,,
1136,37,15510,Alden St.,Detroit,,15510 Alden St.,,
1137,2210,514,Alger St.,Detroit,,514 Alger St.,,
1138,2116,822,American St.,Detroit,,822 American St.,,
1139,46,2541,Annabelle St.,Detroit,,2541 Annabelle St.,,
1140,48,20205,Appoline St.,Detroit,,20205 Appoline St.,,
1141,52,14820,Ardmore St.,Detroit,,14820 Ardmore St.,,
1142,65,2518,Atkinson St.,Detroit,,2518 Atkinson St.,,
1143,2238,1231,Baldwin Ave.,Detroit,,1231 Baldwin Ave.,,
1144,2176,821,Baylis St.,Detroit,,821 Baylis St.,,
1145,2212,2614,Beaubien,Detroit,,2614 Beaubien,,
1146,2219,6122,Beechwood,Detroit,,6122 Beechwood,,
1147,95,18428,Binder,Detroit,,18428 Binder,,
1148,2180,13500,Birwood St.,Detroit,,13500 Birwood St.,,
1149,106,2691,Boston St.,Detroit,,2691 Boston St.,,
1150,2222,7441,Brush,Detroit,,7441 Brush,,
1151,130,7062,Burnette St.,Detroit,,7062 Burnette St.,,
1152,131,8032,Burnette St.,Detroit,,8032 Burnette St.,,
1153,135,111,Cadillac Sq. ,Detroit,,111 Cadillac Sq. ,,
1154,1032,8166,Chalfonte St.,Detroit,,8166 Chalfonte St.,,
1155,1985,2700,Chicago Blvd,Detroit,,2700 Chicago Blvd,,
1156,1053,1428,Clairmont St.,Detroit,,1428 Clairmont St.,,
1157,2221,6004,Colfax,Detroit,,6004 Colfax,,
1158,1055,2680,Collingwood St.,Detroit,,2680 Collingwood St.,,
1159,1069,2672,Cortland St.,Detroit,,2672 Cortland St.,,
1160,1089,2438,Dearing St.,Detroit,,2438 Dearing St.,,
1161,1103,8745,Dumbarton Rd,Detroit,,8745 Dumbarton Rd,,
1162,168,635,E. Elizabeth St.,Detroit,,635 E. Elizabeth St.,,
1163,2208,214,E. Hancock St.,Detroit,,214 E. Hancock St.,,
1164,2118,620,E. Philadelphia St.,Detroit,,620 E. Philadelphia St.,,
1165,2119,635,Elizabeth St.,Detroit,,635 Elizabeth St.,,
1166,1145,7777,Epworth St.,Detroit,,7777 Epworth St.,,
1167,2209,587,Farnsworth St,Detroit,,587 Farnsworth St,,
1168,2117,60,Farnsworth St.,Detroit,,60 Farnsworth St.,,
1169,1183,3230,Fullerton Ave.,Detroit,,3230 Fullerton Ave.,,
1170,1185,3088,Garland,Detroit,,3088 Garland,,
1171,1204,2225,Gladstone St.,Detroit,,2225 Gladstone St.,,
1172,1211,3225,Glendale Ave.,Detroit,,3225 Glendale Ave.,,
1173,1212,2034,Glyn Ct.,Detroit,,2034 Glyn Ct.,,
1174,2220,8721,Greeley Ave,Detroit,,8721 Greeley Ave,,
1175,1284,669,Horton St.,Detroit,,669 Horton St.,,
1176,1301,9501,Iris St.,Detroit,,9501 Iris St.,,
1177,2217,6169,Iroquois ,Detroit,,6169 Iroquois ,,
1178,2028,209,Josephine St.,Detroit,,209 Josephine St.,,
1179,1327,3011,Kendall St.,Detroit,,3011 Kendall St.,,
1180,1328,3768,Kendall St.,Detroit,,3768 Kendall St.,,
1181,1346,15614,LaSalle Blvd,Detroit,,15614 LaSalle Blvd,,
1182,1352,16121,Lawton St.,Detroit,,16121 Lawton St.,,
1183,2228,237,Leicester,Detroit,,237 Leicester,,
1184,1378,2030,Leona Dr.,Detroit,,2030 Leona Dr.,,
1185,1356,2653,Leslie St. ,Detroit,,2653 Leslie St. ,,
1186,2154,15622,Log Cabin St.,Detroit,,15622  Log Cabin St.,,
1187,1379,1472,Longfellow St.,Detroit,,1472 Longfellow St.,,
1188,2240,1414,Longfellow St.,Detroit,,1414 Longfellow St.,,
1189,1382,2929,Lothrop St.,Detroit,,2929 Lothrop St.,,
1190,1383,628,MacDougall St.,Detroit,,628 MacDougall St.,,
1191,1431,14710,Mendota St.,Detroit,,14710 Mendota St.,,
1192,2160,2300,N. LaSalle Gardens,Detroit,,2300 N. LaSalle Gardens,,
1193,1523,8957,N. Martindale St.,Detroit,,8957 N. Martindale St.,,
1194,1558,15561,Norman St.,Detroit,,15561 Norman St.,,
1195,1559,16500,Normandy St.,Detroit,,16500 Normandy St.,,
1196,1571,3231,Oakman Blvd.,Detroit,,3231 Oakman Blvd.,,
1197,1570,2675,Oakman Ct.,Detroit,,2675 Oakman Ct.,,
1198,1580,57,Orchestra Place,Detroit,,57 Orchestra Place,,
1199,1581,5572,Oregon St.,Detroit,,5572 Oregon St.,,
1200,1595,4500,Pacific St.,Detroit,,4500 Pacific St.,,
1201,2162,4382,Pacific St.,Detroit,,4382 Pacific St.,,
1202,1617,16597,Parkside St.,Detroit,,16597 Parkside St.,,
1203,1620,4088,Pasadena St.,Detroit,,4088 Pasadena St.,,
1204,1635,18659,Pennington Dr.,Detroit,,18659 Pennington Dr.,,
1205,1636,16146,Petoskey Ave.,Detroit,,16146 Petoskey Ave.,,
1206,1640,20435,Picadilly Road,Detroit,,20435 Picadilly Road,,
1207,1642,17500,Pinehurst St.,Detroit,,17500 Pinehurst St.,,
1208,1643,3408,Piquette Ave.,Detroit,,3408 Piquette Ave.,,
1209,1657,5075,Ridgewood St.,Detroit,,5075 Ridgewood St.,,
1210,1658,19222,Riopelle St.,Detroit,,19222 Riopelle St.,,
1211,1659,3000,Rochester St.,Detroit,,3000 Rochester St.,,
1212,1759,18123,Santa Barbara Dr.,Detroit,,18123 Santa Barbara Dr.,,
1213,1760,18687,Santa Barbara Dr.,Detroit,,18687 Santa Barbara Dr.,,
1214,1764,5002,Scotten Ave.,Detroit,,5002 Scotten Ave.,,
1215,1765,6097,Scotten Ave.,Detroit,,6097 Scotten Ave.,,
1216,1782,18421,Scotten Ave.,Detroit,,18421 Scotten Ave.,,
1217,2012,4574,Seebaldt St.,Detroit,,4574 Seebaldt St.,,
1218,1768,1196,Selden St.,Detroit,,1196 Selden St.,,
1219,1769,1600,Seward Ave.,Detroit,,1600 Seward Ave.,,
1220,1781,10421,Sorrento  St.,Detroit,,10421 Sorrento  St.,,
1221,1798,15400,Steel St.,Detroit,,15400 Steel St.,,
1222,1801,13587,Stoepel St.,Detroit,,13587 Stoepel St.,,
1223,1802,13588,Stoepel St.,Detroit,,13588 Stoepel St.,,
1224,1803,16803,Stoepel St.,Detroit,,16803 Stoepel St.,,
1225,1809,14600,Strathmore St.,Detroit,,14600 Strathmore St.,,
1226,1814,18852,Sunset St.,Detroit,,18852 Sunset St.,,
1227,2156,9151,Sussex St.,Detroit,,9151  Sussex St.,,
1228,1984,827,Taylor St. ,Detroit,,827 Taylor St. ,,
1229,1825,4400,Ternes St.,Detroit,,4400 Ternes St.,,
1230,1833,4498,Townsend St.,Detroit,,4498 Townsend St.,,
1231,1837,228,Trowbridge St.,Detroit,,228 Trowbridge St.,,
1232,2027,239,Trowbridge St.,Detroit,,239 Trowbridge St.,,
1233,1838,2490,Tuxedo St.,Detroit,,2490 Tuxedo St.,,
1234,1839,3225,Tuxedo St.,Detroit,,3225 Tuxedo St.,,
1235,1841,5079,Underwood Ave.,Detroit,,5079 Underwood Ave.,,
1236,1879,2081,Virginia Park St.,Detroit,,2081 Virginia Park St.,,
1237,1884,659,W. Canfield St.,Detroit,,659 W. Canfield St.,,
1238,2150,1135,W. Chicago Blvd,Detroit,,1135 W. Chicago Blvd,,
1239,1885,2928,W. Euclid St.,Detroit,,2928 W. Euclid St.,,
1240,2121,3530,W. Kirby St.,Detroit,,3530 W. Kirby St.,,
1241,1932,2233,Webb St.,Detroit,,2233 Webb St.,,
1242,1933,2975,Webb St.,Detroit,,2975 Webb St.,,
1243,1935,3020,West Boston Blvd,Detroit,,3020 West Boston Blvd,,
1244,1936,3842,West Buena Vista St.,Detroit,,3842 West Buena Vista St.,,
1245,1938,1725,West Grand Blvd,Detroit,,1725 West Grand Blvd,,
1246,1939,1740,West Grand Blvd,Detroit,,1740 West Grand Blvd,,
1247,1886,1740,West Grand Blvd ,Detroit,,1740 West Grand Blvd ,,
1248,1887,1375,West Grand Blvd.,Detroit,,1375 West Grand Blvd.,,
1249,1937,2341,West Grand Blvd.,Detroit,,2341 West Grand Blvd.,,
1250,362,4275,West Outer Drive,Detroit,,4275 West Outer Drive,,
1251,1942,3281,West Outer Drive,Detroit,,3281 West Outer Drive,,
1252,2213,18503,Wexford St.,Detroit,,18503 Wexford St.,,
1253,1967,18087,Woodingham Dr.,Detroit,,18087 Woodingham Dr.,,
1254,1971,307,Woodland St.,Detroit,,307 Woodland St.,,
1255,1980,7763,Wykes St.,Detroit,,7763 Wykes St.,,
1256,1357,23603,Liberty St.,Farmington,,23603 Liberty St.,,
1257,36,2016,Albert St. ,Flint,,2016 Albert St. ,,
1258,70,1921,Barks St.,Flint,,1921 Barks St.,,
1259,88,934,Belmont Ave.,Flint,,934 Belmont Ave.,,
1260,1035,2025,Chelan,Flint,,2025 Chelan,,
1261,2168,4201,Clio Road,Flint,,4201 Clio Road,,
1262,1123,126,E. Baker St.,Flint,,126 E. Baker St.,,
1263,172,167,E. Hamilton ,Flint,,167 E. Hamilton ,,
1264,246,301,E. Newell ,Flint,,301 E. Newell ,,
1265,247,733,E. Paterson,Flint,,733 E. Paterson,,
1266,248,301,E. Patterson ,Flint,,301 E. Patterson ,,
1267,257,233,E. Taylor,Flint,,233 E. Taylor,,
1268,1148,710,Evergreen Ave,Flint,,710 Evergreen Ave,,
1269,2144,NA,Farmhill Road,Flint,,Farmhill Road,,
1270,1364,3519,Lippincott,Flint,,3519 Lippincott,,
1271,1403,3022,Mallery St.,Flint,,3022 Mallery St.,,
1272,1583,1851,Owen St. ,Flint,,1851 Owen St. ,,
1273,2250,4314,Roberts St.,Flint,,4314 Roberts St.,,
1274,2245,1838,Whittlesey,Flint,,1838 Whittlesey,,
1275,1952,1914,Whittlesy St.,Flint,,1914 Whittlesy St.,,
1276,733,NA,,Inkster,,,,
1277,41,26949,Andover St.,Inkster,,26949 Andover St.,,
1278,112,4381,Bridgeport,Inkster,,4381 Bridgeport,,
1279,1243,2969,Hanover,Inkster,,2969 Hanover,,
1280,1244,30111,Hanover,Inkster,,30111 Hanover,,
1281,1246,3811,Harrison,Inkster,,3811 Harrison,,
1282,1316,3250,John Daly Road,Inkster,,3250 John Daly Road,,
1283,1321,5151,Julius Blvd.,Inkster,,5151 Julius Blvd.,,
1284,1336,27152,Kitsch ,Inkster,,27152 Kitsch ,,
1285,1577,3462,Oraway Ct.,Inkster,,3462 Oraway Ct.,,
1286,1652,29073,Powers,Inkster,,29073 Powers,,
1287,1785,3303,Spruce,Inkster,,3303 Spruce,,
1288,2211,3475,Spruce,Inkster,,3475 Spruce,,
1289,1982,4333,Yorkville Ct.,Inkster,,4333 Yorkville Ct.,,
1290,1304,NA,,Jackson,,,,
1291,1070,157,County St.,Milan,,157 County St.,,
1292,92,6094,Bermuda Lane,Mt. Morris,,6094 Bermuda Lane,,
1293,40,10320,Ann Arbor Road ,Plymouth,,10320 Ann Arbor Road ,,
1294,86,253,Beechwood,River Rouge,,253 Beechwood,,
1295,709,NA,,Saginaw,,,,
1296,1090,2425,Delaware,Saginaw,,2425 Delaware,,
1297,1709,2220,S. Jefferson,Saginaw,,2220 S. Jefferson,,
1298,1818,1712,Syracuse,Saginaw,,1712 Syracuse,,
1299,1867,724,Valley Circle Dr.,Saline,,724 Valley Circle Dr.,,
1300,1868,785,Valley Circle Dr.,Saline,,785 Valley Circle Dr.,,
1301,1832,NA,,Toledo,,,,
1302,1296,521,Indiana Ave.,Toledo,,521 Indiana Ave.,,
1303,1298,1214,Ironwood Ave.,Toledo,,1214 Ironwood Ave.,,
1304,1300,976,Islington ,Toledo,,976 Islington ,,
1305,1615,1319,Palmetto ,Toledo,,1319 Palmetto ,,
1306,2167,1451,Palmwood,Toledo,,1451 Palmwood,,
1307,1766,2351,Scottwood,Toledo,,2351 Scottwood,,
1308,1869,606,Vance,Toledo,,606 Vance,,
1309,1950,NA,,Whitemore Lake,,,,
1310,1137,11456,East Shore Drive,Whitmore Lake,,11456 East Shore Drive,,
1311,1400,9545,Main St. ,Whitmore Lake,,9545 Main St. ,,
1312,366,NA,,Willow Run Village,,,,
1313,129,NA,Building 5,Willow Run Village,,Building 5,,
1314,1146,1365,Erving Court,Willow Run Village,,1365 Erving Court,,
1315,2215,1106,Goshen,Willow Run Village,,1106 Goshen,,
1316,2086,1401,Hanover Court,Willow Run Village,,1401  Hanover Court,,
1317,2189,1579,Linden Court - ,Willow Run Village,,1579 Linden Court - ,,
1318,2233,1224,Malden Court,Willow Run Village,,1224 Malden Court,,
1319,2214,1217,Natick Court,Willow Run Village,,1217 Natick Court,,
1320,2232,1032,Revere Ct.,Willow Run Village,,1032 Revere Ct.,,
1321,2223,1255,Sudbury,Willow Run Village,,1255 Sudbury,,
1322,2186,1471,Sudbury Ct.,Willow Run Village,,1471 Sudbury Ct.,,
1323,2225,1383,Swansea Ct.,Willow Run Village,,1383 Swansea Ct.,,
1324,1902,NA,Ware Court,Willow Run Village,,Ware Court,,
1325,1965,9543,Woolman Oval,Willow Run Village,,9543 Woolman Oval,,
1326,2216,9569,Woolman Oval,Willow Run Village,,9569 Woolman Oval,,
1327,627,NA,,Ypsilanti,,,,
1328,87,115,Bell St.,Ypsilanti,,115 Bell St.,,
1329,1084,3304,Cross St.,Ypsilanti,,3304 Cross St.,,
1330,1085,425,Cross St.,Ypsilanti,,425 Cross St.,,
1331,1086,NA,Cross St.,Ypsilanti,,Cross St.,,
1332,563,1021,Desoto St.,Ypsilanti,,1021 Desoto St.,,
1333,169,812,E. Forest Ave.,Ypsilanti,,812 E. Forest Ave.,,
1334,1136,3150,East Morgan Rd,Ypsilanti,,3150 East Morgan Rd,,
1335,2204,601,Emmet,Ypsilanti,,601 Emmet,,
1336,1147,539,Eugene St.,Ypsilanti,,539 Eugene St.,,
1337,2159,531,Fairview Circle,Ypsilanti,,531 Fairview Circle,,
1338,1156,333,First Ave.,Ypsilanti,,333 First Ave.,,
1339,1213,2125,Golfside Dr.,Ypsilanti,,2125 Golfside Dr.,,
1340,1214,2129,Golfside Dr.,Ypsilanti,,2129 Golfside Dr.,,
1341,1216,2753,Golfside Rd.,Ypsilanti,,2753 Golfside Rd.,,
1342,2104,735,Havner Square?,Ypsilanti,,735 Havner Square?,,
1343,1251,115,Hawkins St.,Ypsilanti,,115 Hawkins St.,,
1344,1253,126,Hawkins St.,Ypsilanti,,126 Hawkins St.,,
1345,1272,829,Hill St.,Ypsilanti,,829 Hill St.,,
1346,1303,1107,Ivy Lane,Ypsilanti,,1107 Ivy Lane,,
1347,1302,1107,Ivy Lane ,Ypsilanti,,1107 Ivy Lane ,,
1348,2152,745,Kirk,Ypsilanti,,745 Kirk,,
1349,1344,4928,Lakeridge St.,Ypsilanti,,4928 Lakeridge St.,,
1350,1385,1034,Madison ,Ypsilanti,,1034 Madison ,,
1351,2247,820,N. Mansfield,Ypsilanti,,820 N. Mansfield,,
1352,1547,825,Nash Ave. ,Ypsilanti,,825 Nash Ave. ,,
1353,1560,609,Norris St.,Ypsilanti,,609 Norris St.,,
1354,1562,622,Oak St.,Ypsilanti,,622 Oak St.,,
1355,1707,201,S. Hamilton St.,Ypsilanti,,201 S. Hamilton St.,,
1356,1708,415,S. Hamilton St.,Ypsilanti,,415 S. Hamilton St.,,
1357,2185,734,S. Huron St.,Ypsilanti,,734 S. Huron St.,,
1358,796,517,Second Ave.,Ypsilanti,,517 Second Ave.,,
1359,1799,280,Stephens Drive,Ypsilanti,,280 Stephens Drive,,
1360,1800,291,Stephens Drive,Ypsilanti,,291 Stephens Drive,,
1361,2226,316,W. Ainsworth,Ypsilanti,,316 W. Ainsworth,,
1362,1925,2936,Washtenaw Ave.,Ypsilanti,,2936 Washtenaw Ave.,,
1363,361,49,West Lodge,Ypsilanti,,49 West Lodge,,
1364,1979,9569,Ypsi,Ypsilanti,,9569 Ypsi,,
1365,2172,1000,E. Forest,Ypsilanti?,,1000 E. Forest,,
1366,1245,319,Harriet,Ypsilanti?,,319 Harriet,,